Price,Close,High,Low,Open,Volume
Ticker,GOLD,GOLD,GOLD,GOLD,GOLD
Date,,,,,
2014-03-17,4.711997032165527,4.85016815549002,4.425025639793251,4.425025639793251,68200
2014-03-18,5.048568248748779,5.278853682840762,4.694282757608514,4.711997099740122,135600
2014-03-19,4.959996223449707,5.1017102661133835,4.90685354191906,5.013138904980353,25600
2014-03-20,4.959996223449707,4.959996223449707,4.889493292947593,4.959996223449707,8200
2014-03-21,4.69074010848999,4.92456849288367,4.6057116665055595,4.92456849288367,10600
2014-03-24,4.400225639343262,4.623425529787973,4.2691400537562965,4.623425529787973,57400
2014-03-25,4.761595249176025,4.761595249176025,4.322281469155266,4.463995820624222,8200
2014-03-26,4.417940616607666,4.74742592698738,4.339997706057698,4.463997775665693,25200
2014-03-27,4.651769161224365,4.67656904080093,4.446283575916494,4.446283575916494,50600
2014-03-28,4.605711936950684,4.605711936950684,4.601460480814519,4.601460480814519,4200
2014-03-31,4.648225784301758,4.743883032815285,4.623425907075133,4.743883032815285,43200
2014-04-01,4.634053707122803,4.676567921019817,4.625196705929943,4.676567921019817,14600
2014-04-02,4.609254360198975,4.641140108733659,4.534854392909038,4.641140108733659,9800
2014-04-03,4.563197612762451,4.637597586693964,4.538397734076282,4.637597586693964,9400
2014-04-04,4.435655117034912,4.58445473279233,4.428569244065358,4.58445473279233,20800
2014-04-07,4.428568363189697,4.432111298969757,4.251425628662109,4.428568363189697,22600
2014-04-08,4.304569244384766,4.428569320508205,4.25496948423381,4.4250263839622725,17000
2014-04-09,4.251424789428711,4.304567464147416,4.212453517159854,4.29287604867947,8000
2014-04-10,4.254969596862793,4.262055132269187,4.163563791221767,4.215997969572006,70600
2014-04-11,4.240797519683838,4.240797519683838,4.2188317214278035,4.2188317214278035,13600
2014-04-14,4.230169296264648,4.230169296264648,4.127426500815638,4.1628551907799975,15200
2014-04-15,4.152226448059082,4.198283606858886,4.127426231552723,4.127426231552723,18800
2014-04-16,4.215996742248535,4.233711082417231,4.177025464175754,4.180568399784081,15400
2014-04-17,4.251424789428711,4.258510659590078,4.230167516817498,4.233710451898181,79200
2014-04-21,4.145140647888184,4.254969311235511,4.127426303751775,4.254969311235511,8600
2014-04-22,4.1699419021606445,4.244341557870113,4.1564790107828085,4.159313090310924,10800
2014-04-23,4.16285514831543,4.215997844846843,3.716455281108675,4.138055268317174,33800
2014-04-24,3.989254951477051,4.109712079775785,3.971895037049679,4.109712079775785,8000
2014-04-25,4.166396141052246,4.240796084209353,4.017596254738033,4.017596254738033,7200
2014-04-28,4.180569171905518,4.247883271531472,4.177026235642836,4.240797736879108,23800
2014-04-29,4.194741249084473,4.24788395002087,4.148684083932171,4.148684083932171,12400
2014-04-30,4.102626800537109,4.1274266818762575,4.0955412649572285,4.1274266818762575,1200
2014-05-01,4.130969047546387,4.1433689865018195,4.130969047546387,4.1433689865018195,1400
2014-05-02,4.152226448059082,4.233711956638961,4.152226448059082,4.233711956638961,2200
2014-05-05,4.16285514831543,4.233712189648322,4.060112353914481,4.177026556582009,22400
2014-05-06,4.074283599853516,4.155769109671541,4.074283599853516,4.155769109671541,1400
2014-05-07,4.173482894897461,4.180568766736081,4.042397306739696,4.152225955127535,6000
2014-05-08,4.180569171905518,4.180569171905518,4.180569171905518,4.180569171905518,16800
2014-05-09,4.084910869598389,4.155767887265832,4.084910869598389,4.148682354435544,4000
2014-05-12,4.180569171905518,4.187654706557882,4.146203433478104,4.152226357550063,11800
2014-05-13,4.10971212387085,4.113254722250063,4.03885475031863,4.077826373346951,12200
2014-05-14,4.092351913452148,4.177026266236215,4.003426442569326,4.003426442569326,9600
2014-05-15,4.074283599853516,4.074283599853516,4.0530263193640685,4.0530263193640685,2200
2014-05-16,4.070740699768066,4.070740699768066,4.028226476282984,4.028226476282984,1200
2014-05-19,4.003425598144531,4.021139937978276,3.9786253872281163,4.003425598144531,28200
2014-05-20,4.056569576263428,4.056569576263428,3.9679981866599774,3.9679981866599774,8400
2014-05-21,4.053027153015137,4.056570090137613,4.035313143148919,4.056570090137613,2800
2014-05-22,4.053027153015137,4.053027153015137,3.9130845154081495,4.045941616643266,4400
2014-05-23,4.053027153015137,4.053027153015137,4.053027153015137,4.053027153015137,0
2014-05-27,3.911311626434326,3.9361115015392953,3.9042260926356027,3.9042260926356027,6200
2014-05-28,4.0317702293396,4.0317702293396,3.900684595907736,3.900684595907736,400
2014-05-29,4.0317702293396,4.038855765752442,3.900684595907736,3.900684595907736,13000
2014-05-30,3.9679980278015137,4.035312470414109,3.9148553313162218,3.9183982678480476,4200
2014-06-02,3.8971407413482666,3.9679977781618163,3.8971407413482666,3.9679977781618163,16200
2014-06-03,3.904226541519165,3.9361119540888434,3.8971406690327943,3.8971406690327943,32600
2014-06-04,3.9254839420318604,3.9679981683000385,3.8971411245197416,3.8971411245197416,23600
2014-06-05,4.024682998657227,4.074283088323257,3.918397623173256,3.921940221249211,71200
2014-06-06,4.035312652587891,4.0388552514066225,3.9219410435624806,4.003426898108026,9400
2014-06-09,4.053027153015137,4.067198563631959,4.038855742398314,4.049484553765742,12200
2014-06-10,4.063655376434326,4.063655376434326,3.978626587162664,4.053026566604723,34400
2014-06-11,4.014054775238037,4.028226182031212,3.9396548051056195,4.010511839071496,25800
2014-06-12,4.074283599853516,4.10439788345431,4.006969497737452,4.031769376747632,91600
2014-06-13,4.070740699768066,4.095540916872459,3.9609123735665235,4.081369509044098,33000
2014-06-16,4.247883319854736,4.251426256157721,4.017597866128727,4.017597866128727,88200
2014-06-17,4.1061692237854,4.2478832963920485,3.9148550568299245,4.2478832963920485,101200
2014-06-18,4.244339942932129,4.251425814802491,4.060111666651297,4.223083003066978,64000
2014-06-19,4.247883319854736,4.247883319854736,4.074283495484483,4.205369097837919,72000
2014-06-20,3.851083517074585,4.240797719692163,3.72354085299194,4.038854745886729,256600
2014-06-23,4.067196846008301,4.109711397777469,3.8971399904233817,4.017597098732502,50600
2014-06-24,3.9502835273742676,4.074283598118379,3.936112119678341,4.06719772533391,47600
2014-06-25,3.9857118129730225,4.045940374065564,3.9857118129730225,4.024683095732264,21000
2014-06-26,4.035312652587891,4.05656959699244,3.9006840991579312,4.006969834799798,17200
2014-06-27,3.93965482711792,4.0494834837834235,3.93965482711792,3.992797856293999,34600
2014-06-30,3.9538261890411377,4.045940501600746,3.900683498342204,4.045940501600746,21000
2014-07-01,4.042397499084473,4.049483371260251,3.9077689686015225,3.9077689686015225,25200
2014-07-02,4.145140647888184,4.226626495766461,3.9924436704209,4.049483730148393,124200
2014-07-03,4.138054847717285,4.180569068195793,4.077826284237819,4.180569068195793,3200
2014-07-07,4.262053966522217,4.2655969021928755,4.162854132854367,4.162854132854367,450200
2014-07-08,4.205368995666504,4.254969089084234,4.166397710899498,4.254969089084234,35600
2014-07-09,4.251424789428711,4.265596191878558,4.194739179629323,4.265596191878558,120600
2014-07-10,4.247883319854736,4.265597663496661,4.214226438595382,4.265597663496661,50800
2014-07-11,4.262053966522217,4.262053966522217,4.223082687763797,4.262053966522217,9800
2014-07-14,4.262053966522217,4.2655969021928755,4.194739878144411,4.2655969021928755,56000
2014-07-15,4.240797519683838,4.265597396506468,4.219540241069454,4.265597396506468,42800
2014-07-16,4.233712196350098,4.265597949468629,4.233712196350098,4.259929453727629,36800
2014-07-17,4.233712196350098,4.265597949468629,4.233712196350098,4.254969477720127,47200
2014-07-18,4.265597343444824,4.265597343444824,4.251425937169179,4.2620544074076685,21000
2014-07-21,4.233712196350098,4.262055012928119,4.145140810075522,4.215997851520577,9000
2014-07-22,4.166396141052246,4.265595952637433,4.138053337742193,4.20182447625338,20600
2014-07-23,4.152226448059082,4.226626421832148,4.1203406967459095,4.1203406967459095,16200
2014-07-24,4.145140647888184,4.251426374833627,4.130969240153658,4.130969240153658,14000
2014-07-25,4.16285514831543,4.194740901383487,4.091998106982538,4.091998106982538,17400
2014-07-28,4.1982831954956055,4.251425883895106,4.162854511313958,4.162854511313958,19600
2014-07-29,4.244339942932129,4.244339942932129,4.169940315531133,4.244339942932129,3000
2014-07-30,4.1876540184021,4.240797039990351,4.127425463325848,4.1451398038552645,12600
2014-07-31,4.192970275878906,4.20182728112334,4.145141636663539,4.152227511157561,3800
2014-08-01,4.08845329284668,4.180567573212946,4.0813677609038965,4.180567573212946,8000
2014-08-04,4.173482894897461,4.180568766736081,4.088454460071824,4.088454460071824,8600
2014-08-05,4.145140647888184,4.167814967838026,4.138055112957427,4.142306569065085,11200
2014-08-06,4.1699419021606445,4.1699419021606445,4.08491309672836,4.08491309672836,18600
2014-08-07,4.1593122482299805,4.162855184795929,4.088455206276144,4.1097124877988085,9600
2014-08-08,4.180569171905518,4.180569171905518,4.117506190347182,4.148683421287381,7400
2014-08-11,4.180569171905518,4.194740579083245,4.141951977537486,4.177026235642836,7000
2014-08-12,4.1593122482299805,4.184112466318593,4.130969431448446,4.180569529752645,19200
2014-08-13,4.180569171905518,4.184112108168199,4.109712136016881,4.148683421287381,7000
2014-08-14,4.16285514831543,4.16285514831543,4.138055268317174,4.152226676583752,3400
2014-08-15,4.16285514831543,4.16285514831543,4.116797986980794,4.155769275245628,7800
2014-08-18,4.16285514831543,4.180569493116909,4.078180789645635,4.08136963525086,6600
2014-08-19,4.1593122482299805,4.180569529752645,4.116798023057679,4.123883896189576,9800
2014-08-20,4.155768871307373,4.155768871307373,4.150808895789829,4.155768871307373,1000
2014-08-21,4.12388277053833,4.169939919704863,4.09908255921916,4.09908255921916,11200
2014-08-22,4.155768871307373,4.177026150577558,4.11148318254473,4.177026150577558,8800
2014-08-25,4.180569171905518,4.180569171905518,4.1451404850247,4.1451404850247,8800
2014-08-26,4.152226448059082,4.162854919205804,4.095540818112556,4.162854919205804,6600
2014-08-27,4.084910869598389,4.155767887265832,4.014053851930945,4.099082273131877,30000
2014-08-28,4.113255023956299,4.113255023956299,4.113255023956299,4.113255023956299,1400
2014-08-29,4.138054847717285,4.138054847717285,4.0742833480630285,4.1345119115424955,5000
2014-09-02,4.102626800537109,4.1415980909090635,4.028226818646621,4.109712673990034,8000
2014-09-03,4.074283599853516,4.102626415257439,4.038854911662107,4.102626415257439,21600
2014-09-04,3.9679980278015137,4.159312208170799,3.939655211292955,4.021141062159829,71800
2014-09-05,4.0317702293396,4.109713157119359,3.953827301559841,3.953827301559841,92200
2014-09-08,4.053027153015137,4.053027153015137,3.9609131529423305,3.9609131529423305,17000
2014-09-09,4.070740699768066,4.130260747796388,3.999883660626262,3.999883660626262,23000
2014-09-10,4.127425193786621,4.180568211904396,4.01759689784781,4.021139833296912,56000
2014-09-11,4.056569576263428,4.106169676075654,4.017598286472203,4.017598286472203,33400
2014-09-12,4.038855075836182,4.109712455099257,3.9892553157996584,3.992798252337417,7800
2014-09-15,4.013347148895264,4.05656989855429,3.999884258764144,4.017598605666831,7000
2014-09-16,4.038146495819092,4.038146495819092,3.989255256245396,4.0069696007967135,9400
2014-09-17,4.0494842529296875,4.18056987586522,4.035312843365658,4.045941316070416,5800
2014-09-18,4.077826023101807,4.141597180799292,4.060111681235239,4.141597180799292,18000
2014-09-19,4.102626800537109,4.145141027635525,4.038855290952965,4.084912454777842,18200
2014-09-22,4.077826023101807,4.081368959049714,4.042397339368672,4.081368959049714,2400
2014-09-23,4.155768871307373,4.159311807497902,4.152226272989835,4.159311807497902,14000
2014-09-24,4.155768871307373,4.155768871307373,4.13451192991018,4.13451192991018,9600
2014-09-25,4.148683547973633,4.148683547973633,4.113254860010947,4.114672237283101,2600
2014-09-26,4.148683547973633,4.148683547973633,4.116797796381817,4.148683547973633,2400
2014-09-29,4.0494842529296875,4.11325542703129,4.038855442351874,4.11325542703129,51400
2014-09-30,4.028225421905518,4.088453973879639,4.025036915106497,4.088453973879639,17200
2014-10-01,3.71645450592041,4.106168658773206,3.61371173294983,3.911311582346808,94600
2014-10-02,3.8227412700653076,3.8262842068393437,3.5641129672755505,3.7022841227324714,105000
2014-10-03,3.8971407413482666,3.964454841852888,3.7855409506010513,3.790855017191441,70600
2014-10-06,3.9502835273742676,3.959849388058698,3.663312437063511,3.812112386807241,45800
2014-10-07,3.8439977169036865,3.843997716903686,3.7625118781863724,3.7625118781863724,21400
2014-10-08,3.851083517074585,4.166397747842371,3.8085692957137036,3.8156551682103492,24600
2014-10-09,3.7766833305358887,3.861711768424135,3.755426390000316,3.755426390000316,10200
2014-10-10,3.805026054382324,3.805026054382324,3.7837691143427414,3.787311712434025,3800
2014-10-13,3.744797706604004,3.8085692060809957,3.744797706604004,3.8085692060809957,4600
2014-10-14,3.719998598098755,3.790855646678405,3.719998598098755,3.790855646678405,14200
2014-10-15,3.723541021347046,3.75542677327763,3.716455148530022,3.716455148530022,22400
2014-10-16,3.8971407413482666,3.8971407413482666,3.7129121077600344,3.7129121077600344,4000
2014-10-17,3.8971407413482666,3.900683677657195,3.826283704534717,3.8439980482063554,24600
2014-10-20,3.737713098526001,3.8085701500215547,3.737713098526001,3.8085701500215547,9400
2014-10-21,3.8581690788269043,3.964454454732182,3.7695977069905258,3.861711676916902,28600
2014-10-22,3.893596887588501,3.893596887588501,3.7235400393065903,3.757196912691808,10600
2014-10-23,3.7943966388702393,3.8971393911212475,3.77668230133602,3.836910846228634,5000
2014-10-24,3.826282262802124,3.897139272916948,3.6916537746475204,3.6916537746475204,20600
2014-10-27,3.826282262802124,3.826282262802124,3.826282262802124,3.826282262802124,0
2014-10-28,3.6562256813049316,3.6562256813049316,3.6562256813049316,3.6562256813049316,400
2014-10-29,3.695197105407715,3.7199969771359562,3.663311362972598,3.663311362972598,14400
2014-10-30,3.7518837451934814,3.762512216286303,3.7022836503053065,3.7022836503053065,16200
2014-10-31,3.748340606689453,3.7554264789511316,3.7377121361699217,3.7377121361699217,12000
2014-11-03,3.6845695972442627,3.730626759443945,3.684569597244263,3.730626759443945,12800
2014-11-04,3.7051188945770264,3.7164558878920633,3.5959987290226714,3.5959987290226714,4600
2014-11-05,3.6526830196380615,3.734168508314928,3.652683019638062,3.734168508314928,10600
2014-11-06,3.6845695972442627,3.684569597244263,3.6491412448489133,3.684569597244263,14800
2014-11-07,3.649139881134033,3.6810256228849942,3.6314255426198434,3.6810256228849942,10000
2014-11-10,3.71291184425354,3.730626186667986,3.71291184425354,3.730626186667986,3600
2014-11-11,3.71645450592041,3.723540377512221,3.71645450592041,3.723540377512221,1000
2014-11-12,3.5959978103637695,3.6668551830368044,3.59599781036377,3.6668551830368044,122400
2014-11-13,3.620797872543335,3.645597749204385,3.59954059406745,3.634969278902932,25200
2014-11-14,3.727083921432495,3.727083921432495,3.6137123225760823,3.62079819532405,1000
2014-11-17,3.5587973594665527,3.6137115094144154,3.5534829561014307,3.6137115094144154,101000
2014-11-18,3.5038833618164062,3.7129115018360386,3.486169021035638,3.5463975769664815,52400
2014-11-19,3.4826266765594482,3.5038839566798634,3.4011411681560353,3.486878132583531,39800
2014-11-20,3.5428543090820312,3.5428543090820312,3.443654483032151,3.4507400159563986,76600
2014-11-21,3.500340461730957,3.542854677313971,3.4719976513422814,3.542854677313971,26200
2014-11-24,3.4046831130981445,3.532226093593191,3.3302831537670143,3.532226093593191,56400
2014-11-25,3.489712953567505,3.503884362665449,3.3019413606784367,3.404684161106794,96000
2014-11-26,3.3869693279266357,3.4223976731030943,3.365712050522391,3.4223976731030943,25600
2014-11-28,3.3657116889953613,3.3692546244943324,3.3657116889953613,3.3657116889953613,7400
2014-12-01,3.528683662414551,3.539312133017643,3.36571231571752,3.36571231571752,32200
2014-12-02,3.5747408866882324,3.7270837656728313,3.5428551364009446,3.5428551364009446,21600
2014-12-03,3.5428543090820312,3.5534827774048607,3.5393113736834496,3.5428543090820312,6200
2014-12-04,3.5428543090820312,3.5428543090820312,3.4542829513549806,3.5286829053606197,8200
2014-12-05,3.489712953567505,3.539312716473788,3.471998607726813,3.4932555524372075,22800
2014-12-08,3.3692564964294434,3.4755422553397097,3.3657135589620415,3.4755422553397097,5200
2014-12-09,3.390512228012085,3.5428551056754887,3.326741065863561,3.369255286586908,32800
2014-12-10,3.344454765319824,3.4135406633178094,3.330283359707692,3.3834263841579086,87000
2014-12-11,3.3657116889953613,3.4840428965284156,3.330283009751503,3.344454413874461,68400
2014-12-12,3.4932541847229004,3.542854266082301,3.312568873936116,3.312568873936116,43200
2014-12-15,3.47554087638855,3.542854972196166,3.4471977257678397,3.5286835658223006,4400
2014-12-16,3.362168312072754,3.539311009288889,3.3338255075480028,3.45782553074845,36800
2014-12-17,3.528683662414551,3.528683662414551,3.4046835998441836,3.4188550066059693,28400
2014-12-18,3.4578254222869873,3.528682431376297,3.4365681506237595,3.500339627740573,15400
2014-12-19,3.5357677936553955,3.5357677936553955,3.413539585544807,3.5180537956378757,20800
2014-12-22,3.5145130157470703,3.5428558354004287,3.4259416198620594,3.5428558354004287,4800
2014-12-23,3.443655252456665,3.5357692282906377,3.4223979731885223,3.5357692282906377,2600
2014-12-24,3.4330265522003174,3.53931227614843,3.425941017469378,3.482272555902508,60000
2014-12-26,3.390512228012085,3.5357692332851016,3.3905122280120854,3.4542837280336016,61200
2014-12-29,3.4365692138671875,3.4542835560883893,3.4188548716459852,3.4188548716459852,2000
2014-12-30,3.443655252456665,3.53222662997344,3.4188550369983335,3.4188550369983335,8400
2014-12-31,3.5322258472442627,3.5322258472442627,3.431963072816145,3.431963072816145,16800
2015-01-02,3.5322258472442627,3.542854315586606,3.4755402322545437,3.4755402322545437,4200
2015-01-05,3.5322258472442627,3.5322258472442627,3.4223972147969945,3.4826257651918002,20400
2015-01-06,3.4046831130981445,3.5215972866366436,3.3940546440145374,3.5215972866366436,13200
2015-01-07,3.5251400470733643,3.5322259180255293,3.4046829438699473,3.4046829438699473,11400
2015-01-08,3.4507405757904053,3.4719978537576743,3.4507405757904053,3.4719978537576743,2000
2015-01-09,3.440112829208374,3.45074130149072,3.440112829208374,3.440112829208374,1400
2015-01-12,3.471998453140259,3.471998453140259,3.471998453140259,3.471998453140259,200
2015-01-13,3.4861695766448975,3.5286837985706887,3.4046837312157128,3.4826266403494976,13600
2015-01-14,3.500340461730957,3.5180548026921175,3.489711992303442,3.5109689311584726,4000
2015-01-15,3.408226251602173,3.5357689018154015,3.4082262516021733,3.525140432099206,33200
2015-01-16,3.4330265522003174,3.454283832139141,3.4082266738325253,3.4082266738325253,18800
2015-01-20,3.459597587585449,3.4719975244431667,3.440111779453071,3.4542831841294537,20200
2015-01-21,3.5074265003204346,3.521597907554887,3.4613696802132146,3.486169558405256,69200
2015-01-22,3.4826266765594482,3.507426555139095,3.454283861647565,3.507426555139095,19600
2015-01-23,3.4826266765594482,3.5272667958758173,3.4790837402272117,3.525140898927273,8400
2015-01-26,3.5747408866882324,3.6278835785850485,3.4790836358263695,3.4790836358263695,127200
2015-01-27,3.6137118339538574,3.627883239660619,3.542854805420049,3.542854805420049,49800
2015-01-28,3.620797872543335,3.627883406786644,3.5605693110468026,3.5605693110468026,33000
2015-01-29,3.649139881134033,3.649139881134033,3.6137112041056536,3.6137112041056536,14200
2015-01-30,3.702284097671509,3.702284097671509,3.624341178535559,3.624341178535559,10600
2015-02-02,3.6810269355773926,3.70582681561741,3.66685552728695,3.670398125954792,10200
2015-02-03,3.6317811012268066,3.684569366643203,3.626112267870071,3.677483831756798,10800
2015-02-04,3.6236326694488525,3.649141408676827,3.6137127168178784,3.6137127168178784,10200
2015-02-05,3.805026054382324,3.843997674243176,3.6420547166293193,3.6420547166293193,54800
2015-02-06,3.8014845848083496,3.826284808251631,3.7873131733578034,3.826284808251631,19600
2015-02-09,3.797941207885742,3.8617123774222515,3.7695983907866197,3.8617123774222515,5600
2015-02-10,3.6420555114746094,3.8971412127305136,3.638512912610186,3.843998513160679,34600
2015-02-11,3.560570478439331,3.794398928973737,3.5463990674334,3.794398928973737,65000
2015-02-12,3.5959978103637695,3.642054967452045,3.5782838050685046,3.5782838050685046,7800
2015-02-13,3.6420555114746094,3.64205551147461,3.5711984660904816,3.5711984660904816,6600
2015-02-17,3.5641117095947266,3.6597686036275703,3.560568774070899,3.5924545180394896,48400
2015-02-18,3.548877000808716,3.60662556013162,3.5428540785975384,3.5499399489337224,28200
2015-02-19,3.5251400470733643,3.5782830655958313,3.5251400470733643,3.5251400470733643,37200
2015-02-20,3.592454433441162,3.592454433441162,3.4897116707801414,3.5251400115653335,10800
2015-02-23,3.5074265003204346,3.528683780108613,3.5074265003204346,3.5251408438317497,30400
2015-02-24,3.5279760360717773,3.5279760360717773,3.5251416188525253,3.5251416188525253,5800
2015-02-25,3.5357677936553955,3.56127651842702,3.4861680586097727,3.532225196775604,86400
2015-02-26,3.5853703022003174,3.686696074998129,3.53577019558732,3.5393131327467664,11000
2015-02-27,3.6420555114746094,3.64205551147461,3.58182693842984,3.6066271577190676,28200
2015-03-02,3.790855884552002,3.8085702322767427,3.6137130830507584,3.6633131891054154,51600
2015-03-03,3.71645450592041,3.7908544682696546,3.705826036405648,3.7908544682696546,17000
2015-03-04,3.6987414360046387,3.719998720212863,3.6951988368641597,3.719998720212863,13000
2015-03-05,3.6314258575439453,3.7022828798726546,3.6243399863746073,3.6951973465762507,11200
2015-03-06,3.5676538944244385,3.659768180147634,3.5463969594870175,3.634968310096346,12200
2015-03-09,3.588911533355713,3.59245446883101,3.564111660774479,3.564111660774479,20600
2015-03-10,3.624516248703003,3.642318119205558,3.574670128468672,3.596032848440218,13000
2015-03-11,3.624516248703003,3.6494391390457115,3.603153528731457,3.6494391390457115,4800
2015-03-12,3.596033811569214,3.620956708587044,3.581792107623453,3.5853522789481387,57600
2015-03-13,3.631638526916504,3.816781049636298,3.588913407723258,3.6031551141210065,127000
2015-03-16,3.596033811569214,3.6316379016591136,3.5604293819303083,3.624517219460736,19600
2015-03-17,3.596033811569214,3.649440116478566,3.5604293819303083,3.5604293819303083,16600
2015-03-18,3.596033811569214,3.649440116478566,3.5746710858760693,3.5853522789481387,38200
2015-03-19,3.596033811569214,3.6173961977133526,3.581792107623453,3.6173961977133526,5800
2015-03-20,3.7028462886810303,3.7099673101732025,3.6138355573228425,3.6138355573228425,67200
2015-03-23,3.6494407653808594,3.67792417833698,3.620957352424739,3.6494407653808594,20000
2015-03-24,3.6494407653808594,3.6494407653808594,3.6494407653808594,3.6494407653808594,0
2015-03-25,3.734889268875122,3.7384497787275532,3.665461024497261,3.734889268875122,76600
2015-03-26,3.6636803150177,3.7882954280005006,3.617394711325485,3.7882954280005006,19000
2015-03-27,3.6565608978271484,3.688604474936667,3.649439876547933,3.688604474936667,22000
2015-03-30,3.7455708980560303,3.7455708980560303,3.6779225672561857,3.6779225672561857,2800
2015-03-31,3.774054765701294,3.7740547657012944,3.6601208101323275,3.6601208101323275,11000
2015-04-01,3.645878791809082,3.8559441327821733,3.631637091042208,3.7776146087899005,36200
2015-04-02,3.588911533355713,3.6668848606267246,3.5889115333557133,3.6668848606267246,7400
2015-04-06,3.6173954010009766,3.6636810135177877,3.6102747203708914,3.6102747203708914,12800
2015-04-07,3.6102747917175293,3.6138349623284625,3.5960330906269817,3.5960330906269817,1400
2015-04-08,3.645878791809082,3.645878791809082,3.5782307980536623,3.5782307980536623,2800
2015-04-09,3.631638526916504,3.6316385269165035,3.6316385269165035,3.6316385269165035,9000
2015-04-10,3.624516248703003,3.6245162487030034,3.6245162487030034,3.6245162487030034,800
2015-04-13,3.6565608978271484,3.6565608978271484,3.6209564705290385,3.631637662898878,25000
2015-04-14,3.6494407653808594,3.6494407653808594,3.6280780358892364,3.6387595704095808,19400
2015-04-15,3.6779227256774902,3.734889529089702,3.6102747315127215,3.628076602917339,42000
2015-04-16,3.6992876529693604,3.7032040126862453,3.5782329537474884,3.585353638646292,25200
2015-04-17,3.6886041164398193,3.7028458180651103,3.645879011563947,3.7028458180651103,10600
2015-04-20,3.681483030319214,3.6886037105738785,3.656560140104518,3.656560140104518,5400
2015-04-21,3.770494222640991,3.791856605685152,3.6708023094873448,3.6708023094873448,20000
2015-04-22,3.770494222640991,3.8060983075642443,3.70996690476761,3.70996690476761,11600
2015-04-23,3.841702461242676,3.8538080597836357,3.7740544669725953,3.788296167847819,36400
2015-04-24,3.8274600505828857,3.8559434470512213,3.827460050582886,3.8559434470512213,4200
2015-04-27,3.7669336795806885,3.7669336795806885,3.7669336795806885,3.7669336795806885,2000
2015-04-28,3.6779227256774902,3.7384500391901985,3.6672415349249334,3.7384500391901985,1800
2015-04-29,3.6779227256774902,3.6779227256774902,3.6779227256774902,3.6779227256774902,0
2015-04-30,3.7669336795806885,3.863065421091695,3.6672417672925346,3.777614871010038,22600
2015-05-01,3.734889268875122,3.742010288579984,3.725276299732249,3.7384497787275532,3800
2015-05-04,3.8096580505371094,3.8096580505371094,3.7348890458454487,3.738093368701726,11400
2015-05-05,3.7669336795806885,3.8192720948177223,3.6672417672925346,3.8167798054992423,28600
2015-05-06,3.788296699523926,3.788296699523926,3.667242055320399,3.7135276745481582,33200
2015-05-07,3.8773066997528076,4.090932202773606,3.7918561589955715,3.7918561589955715,63600
2015-05-08,3.8488235473632812,3.887988140553581,3.8452630371962706,3.8630652484823846,30000
2015-05-11,3.8488235473632812,3.8666254191004565,3.79897742367195,3.79897742367195,18400
2015-05-12,3.866708517074585,3.866708517074585,3.866708517074585,3.866708517074585,0
2015-05-13,3.9096310138702393,3.9668625187367734,3.870284098429489,3.870284098429489,48200
2015-05-14,3.916785955429077,3.9668637077608935,3.884593139010537,3.9632866523528825,19400
2015-05-15,3.916785955429077,3.9632866523528825,3.8613429611120242,3.9632866523528825,55400
2015-05-18,3.916785955429077,3.9454017164396067,3.902478074923813,3.902478074923813,6000
2015-05-19,3.8309388160705566,3.9454018644054227,3.818061620794847,3.8738624591961313,12000
2015-05-20,3.920363664627075,3.9346715475184326,3.8273622552698354,3.8273622552698354,7800
2015-05-21,3.8309388160705566,3.9203631578638687,3.8273617605283943,3.8917473957801523,4800
2015-05-22,3.916785955429077,3.923940066245099,3.9167859554290776,3.923940066245099,400
2015-05-26,3.916785955429077,3.9167859554290776,3.9167859554290776,3.9167859554290776,0
2015-05-27,3.8810150623321533,3.931092455957949,3.8810150623321533,3.931092455957949,2800
2015-05-28,3.845245838165283,3.920362282137302,3.8452458381652836,3.8452458381652836,11400
2015-05-29,3.845245838165283,3.8452458381652836,3.8452458381652836,3.8452458381652836,0
2015-06-01,3.8488235473632812,3.8488235473632812,3.8488235473632812,3.8488235473632812,600
2015-06-02,3.7450904846191406,3.909631241242975,3.723628498482685,3.909631241242975,5200
2015-06-03,3.855978488922119,3.9239411967475264,3.730784583713907,3.730784583713907,4400
2015-06-04,3.8277199268341064,3.827719926834106,3.7486685618379876,3.7486685618379876,1600
2015-06-05,3.845245838165283,3.8452458381652836,3.75939857109061,3.7665523394501412,5600
2015-06-08,3.8273611068725586,3.827361106872558,3.827361106872558,3.827361106872558,4400
2015-06-09,3.8273611068725586,3.827361106872558,3.7486676040186113,3.823784051941303,2000
2015-06-10,3.802321672439575,3.8094754397978363,3.7307822932236223,3.7772829749956585,3400
2015-06-11,3.752244710922241,3.8416690386818373,3.752244710922241,3.805899512254042,9800
2015-06-12,3.752244710922241,3.752244710922241,3.752244710922241,3.752244710922241,0
2015-06-15,3.7737066745758057,3.8416690131252156,3.7486676310035083,3.7486676310035083,19000
2015-06-16,3.7239878177642822,3.782650034598512,3.7200529197543104,3.723629975717255,5400
2015-06-17,3.820207357406616,3.9239395630491267,3.6771282295752914,3.6771282295752914,29400
2015-06-18,3.7987468242645264,3.84167047672139,3.6985916351985115,3.7021686915183,4800
2015-06-19,3.845245838165283,3.9346701599830807,3.8273609055763806,3.931093105239957,18800
2015-06-22,3.8094775676727295,3.8452474478241627,3.7808618000023264,3.8452474478241627,8000
2015-06-23,3.8094775676727295,3.8094775676727295,3.8094775676727295,3.8094775676727295,0
2015-06-24,3.75582218170166,3.7915920532161964,3.75582218170166,3.777284172835737,7000
2015-06-25,3.788015365600586,3.9704411140074085,3.7593996020614933,3.7701304281069508,13600
2015-06-26,3.8094775676727295,3.8559782754188494,3.7880159124833566,3.7880159124833566,13600
2015-06-29,3.7737066745758057,3.798745377021367,3.7629758508315274,3.7915916082340932,11200
2015-06-30,3.7450904846191406,3.8237836378238503,3.737936375531423,3.7558213071240196,5000
2015-07-01,3.8058998584747314,3.8237844527522116,3.6807056517717505,3.8237844527522116,1600
2015-07-02,3.8094775676727295,3.8094775676727295,3.7915929687238714,3.8059008525590734,31800
2015-07-06,3.7737066745758057,3.784437498320084,3.770129619618801,3.7737066745758057,11800
2015-07-07,3.687859535217285,3.7737068105174925,3.6842824801314227,3.752244821129066,6400
2015-07-08,3.7343602180480957,3.816630786686233,3.6807057515082344,3.6807057515082344,30800
2015-07-09,3.7343602180480957,3.7558222093401077,3.7021677428002464,3.7558222093401077,9800
2015-07-10,3.75582218170166,3.75582218170166,3.7415143013212013,3.7415143013212013,2200
2015-07-13,3.7200534343719482,3.7200534343719482,3.669976008470538,3.669976008470538,5200
2015-07-14,3.751887798309326,3.752245299187411,3.68070589398936,3.6842829495309606,11400
2015-07-15,3.752244710922241,3.752244710922241,3.730783063290912,3.730783063290912,3000
2015-07-16,3.687859535217285,3.77012975543163,3.6842824801314227,3.7486677660432037,9800
2015-07-17,3.75582218170166,3.75582218170166,3.75582218170166,3.75582218170166,3600
2015-07-20,3.8058998584747314,3.8094765726541655,3.6771285964655465,3.755822107568185,10000
2015-07-21,3.8309388160705566,3.8309388160705566,3.7379374187350822,3.7379374187350822,14200
2015-07-22,3.75582218170166,3.8595543997416826,3.7415143013212013,3.7522451263248513,15000
2015-07-23,3.7486674785614014,3.7558215881844843,3.7486674785614014,3.7558215881844843,2400
2015-07-24,3.882089614868164,3.882089614868164,3.673552314648652,3.698591022485497,39400
2015-07-27,3.788015365600586,3.8273619551851357,3.788015365600586,3.8023232473701323,7000
2015-07-28,3.7701313495635986,3.7951700634983068,3.7701313495635986,3.7915933480268436,6800
2015-07-29,3.741513967514038,3.7665526706642662,3.741513967514038,3.762975956733338,22800
2015-07-30,3.7808613777160645,3.7865848035123797,3.7379377310046227,3.7379377310046227,800
2015-07-31,3.75582218170166,3.7915920532161964,3.7379372459443925,3.75582218170166,21200
2015-08-03,3.75582218170166,3.8273615836039556,3.75582218170166,3.809476647846688,11400
2015-08-04,3.759398937225342,3.8094763439993407,3.7558218821338425,3.7558218821338425,8200
2015-08-05,3.8273611068725586,3.8441728556973778,3.791591580940207,3.813053228274271,12200
2015-08-06,3.777285099029541,3.7915929829183064,3.752246046379056,3.762977215140775,39000
2015-08-07,3.7397255897521973,3.8094764605364695,3.72005212727386,3.7593990522305343,53800
2015-08-10,3.8012502193450928,3.8023234043319833,3.8012502193450928,3.8023234043319833,4800
2015-08-11,3.7737066745758057,3.7737066745758057,3.752244685960513,3.7558217409175176,5800
2015-08-12,3.7665529251098633,3.791591971078324,3.720052229599029,3.7307833954969847,4200
2015-08-13,3.759398937225342,3.7737068164645917,3.7379369478030933,3.7379369478030933,8400
2015-08-14,3.759398937225342,3.7915917507953405,3.7558218821338425,3.7880146957038408,7600
2015-08-17,3.7450904846191406,3.7558213071240196,3.68428192188033,3.68428192188033,10400
2015-08-18,3.81663179397583,3.8380934498052466,3.6342060137914456,3.741515316319135,54000
2015-08-19,3.741513967514038,3.818418945620305,3.737936912456364,3.818418945620305,6200
2015-08-20,3.7951691150665283,3.7951691150665283,3.7844382890800397,3.7844382890800397,3800
2015-08-21,3.788015365600586,3.8452468926787713,3.7558225463374044,3.8452468926787713,12000
2015-08-24,3.7665529251098633,3.8309385559905205,3.766552925109863,3.8309385559905205,10000
2015-08-25,3.709321975708008,3.8094771516158445,3.709321975708008,3.8094771516158445,4400
2015-08-26,3.7021677494049072,3.7522451606309746,3.6878598688936335,3.7522451606309746,4200
2015-08-27,3.7021677494049072,3.7021677494049072,3.7021677494049072,3.7021677494049072,0
2015-08-28,3.677129030227661,3.734360557371,3.576973857726817,3.576973857726817,3600
2015-08-31,3.7737066745758057,3.7737066745758057,3.695013171155381,3.695013171155381,21000
2015-09-01,3.75582218170166,3.7915920532161964,3.695013604803015,3.7915920532161964,9400
2015-09-02,3.75582218170166,3.762976292455278,3.723629365563933,3.730783476317551,4800
2015-09-03,3.75582218170166,3.75582218170166,3.684282779799365,3.684282779799365,5800
2015-09-04,3.8058998584747314,3.805899858474731,3.755822107568185,3.755822107568185,25400
2015-09-08,3.8917479515075684,3.974018193964446,3.7737078307748413,3.7987465408918317,137400
2015-09-09,3.8738625049591064,3.9489789665979314,3.863131679332645,3.902478267380869,48600
2015-09-10,3.802321672439575,3.873861051655528,3.7593980449100033,3.855976121569873,73000
2015-09-11,3.8595545291900635,3.9203631081282113,3.6878599588659666,3.780861013894792,78000
2015-09-14,4.006209373474121,4.024094305278477,3.8810155330970337,3.884592246556544,45200
2015-09-15,4.023379802703857,4.02409514554513,3.9811715049278606,3.9811715049278606,29600
2015-09-16,4.077749252319336,4.113519120250471,4.024094791549374,4.024094791549374,28000
2015-09-17,4.113518714904785,4.113518714904785,4.077748850498408,4.109941660238806,26600
2015-09-18,4.052710056304932,4.238712801111012,4.04913300172173,4.149288483291174,100800
2015-09-21,4.19221305847168,4.217251763936276,4.041980143430548,4.041980143430548,35000
2015-09-22,4.123959541320801,4.163475053925261,4.095221173565757,4.131144304553746,18000
2015-09-23,4.091628551483154,4.109589771829318,4.037743862679706,4.102405352208517,22800
2015-09-24,4.195804595947266,4.238912135175568,4.131143115810678,4.138327876976196,54600
2015-09-25,4.2281365394592285,4.274836129974005,4.2209517762487305,4.238913341686611,28000
2015-09-28,4.2281365394592285,4.238913341686611,4.048521570257155,4.188621026978218,33000
2015-09-29,4.077258586883545,4.210173578939814,4.077258586883545,4.210173578939814,4800
2015-09-30,4.152698040008545,4.159882460286945,3.99822906425692,4.11318252941812,25600
2015-10-01,4.113181114196777,4.120365874591468,4.105996696390318,4.120365874591468,1800
2015-10-02,4.185028076171875,4.238912765156719,4.09162856525712,4.095220603785454,18600
2015-10-05,4.253281116485596,4.2748347138000495,4.210173579268434,4.210173579268434,56600
2015-10-06,4.404158115386963,4.517674744365615,4.220950806663772,4.228135568223876,62800
2015-10-07,4.540666103363037,4.691542690233168,4.368235571545032,4.404158698928714,70000
2015-10-08,4.669989109039307,4.766981354977151,4.479597341287829,4.479597341287829,38800
2015-10-09,4.669989109039307,4.846011693235736,4.580181626173166,4.723873461723647,11400
2015-10-12,4.849603176116943,4.860379976139147,4.601734720076483,4.666395862798002,5200
2015-10-13,4.759795665740967,4.849603131132305,4.317943100457959,4.849603131132305,23600
2015-10-14,4.7274651527404785,4.7597958966640235,4.555034975265981,4.756203515652894,6000
2015-10-15,4.7059125900268555,4.723873813868329,4.6161051004659495,4.723873813868329,16600
2015-10-16,4.799310684204102,4.867564547717598,4.669988061225036,4.669988061225036,27000
2015-10-19,4.914265155792236,4.914265155792236,4.634065586321044,4.824457680533392,47400
2015-10-20,5.011257648468018,5.205241804454252,4.8172734924817835,4.8172734924817835,22400
2015-10-21,5.136987686157227,5.208833598305848,4.960965115746022,4.960965115746022,27800
2015-10-22,4.957373142242432,5.133395727131742,4.925042393469219,5.104657359908522,21800
2015-10-23,5.115433692932129,5.115433692932129,4.993295472138212,4.993295472138212,8000
2015-10-26,5.104657173156738,5.1082495545753055,4.93977077155169,5.054364861061847,10600
2015-10-27,5.03999662399292,5.075919759744734,4.978927498767885,5.022035056117014,10800
2015-10-28,5.022034645080566,5.064783166274634,4.960965867442216,4.993296275866618,13800
2015-10-29,4.964556694030762,5.029218180262391,4.921449150739108,5.029218180262391,11800
2015-10-30,5.208834171295166,5.208834171295166,4.9214501484991375,4.943004095808897,19600
2015-11-02,5.154948711395264,5.205240673352022,5.154948711395264,5.154948711395264,9600
2015-11-03,5.201648712158203,5.208833474496457,5.158541165893659,5.201648712158203,4800
2015-11-04,5.295048236846924,5.298640617792043,5.194463968501698,5.194463968501698,11600
2015-11-05,5.295048236846924,5.32306819155991,5.237571512078223,5.295048236846924,9000
2015-11-06,5.158540725708008,5.320194438641312,5.15494868743372,5.298640496054106,4200
2015-11-09,5.298641204833984,5.388448682882018,5.226795290913225,5.388448682882018,8200
2015-11-10,5.195911884307861,5.316663232490847,5.154460016182519,5.316663232490847,33400
2015-11-11,5.576189041137695,6.1276801592161405,5.298641010100884,5.298641010100884,66400
2015-11-12,5.725775718688965,5.857340515458409,5.5761882669674,5.5761882669674,76600
2015-11-13,5.55816650390625,6.109657977667026,5.532934989176638,5.785250823979974,48400
2015-11-16,5.7023468017578125,5.760019029050628,5.597815803851186,5.760019029050628,27200
2015-11-17,5.637465953826904,5.767228470665582,5.529330351251204,5.702347040369441,54600
2015-11-18,5.493284225463867,5.767227619910467,5.4175893492024,5.540142991126066,53400
2015-11-19,5.489680290222168,5.587002433090634,5.0463247782754115,5.4067765481522265,33400
2015-11-20,5.633862495422363,5.648280555771185,5.518518012631792,5.587003713350275,22600
2015-11-23,5.583397388458252,5.682521823536329,5.450030285470148,5.633860755975468,70000
2015-11-24,5.586641311645508,5.740193965714873,5.500493574976402,5.60502456468746,64000
2015-11-25,5.644674301147461,5.673150159652789,5.504098339866367,5.587002076647158,54600
2015-11-27,5.655487537384033,5.659092137213527,5.6302560260846946,5.651883281308098,6800
2015-11-30,5.587002277374268,5.65909256058967,5.322070357650069,5.587002277374268,94000
2015-12-01,5.529329299926758,5.659091792092917,5.370730354636802,5.540142755002219,187800
2015-12-02,5.40677547454834,5.5221199080042425,5.388752820882473,5.4752611459744,25600
2015-12-03,5.40677547454834,5.446425037610425,5.352707857304267,5.446425037610425,22200
2015-12-04,5.489680290222168,5.489680290222168,5.370731233663107,5.4067765481522265,16800
2015-12-07,5.659091472625732,5.677114125903113,5.478865627358967,5.489679081823987,66800
2015-12-08,5.994312763214111,6.066403393787857,5.619443271749369,5.619443271749369,67400
2015-12-09,5.853736877441406,6.2754654913414765,5.7884951926745005,6.055589683558084,108400
2015-12-10,5.929431915283203,5.975569148022027,5.77083294334512,5.788855256914523,35000
2015-12-11,6.066403865814209,6.210584450673172,5.830668626757484,5.947454797367156,51400
2015-12-14,6.0916337966918945,6.214187433800492,5.857340321339722,6.163724414111216,89400
2015-12-15,5.994312763214111,6.1359708729167375,5.947814588372,6.091634908236506,52000
2015-12-16,6.3799967765808105,6.524177350979435,5.778042276897746,6.012335796233912,146000
2015-12-17,6.607080936431885,6.632312450406471,6.343951308543787,6.3763920229417375,91800
2015-12-18,6.491737365722656,6.902652220838195,6.127680944740161,6.6899855918731,232800
2015-12-21,6.58545446395874,6.866606424237986,6.434064682459439,6.848584109479095,166800
2015-12-22,6.478039264678955,6.7656798985948345,6.452086555696039,6.57824481289687,37800
2015-12-23,6.365577220916748,6.610684496694993,6.340345710911414,6.610684496694993,32400
2015-12-24,6.370624542236328,6.621499355088101,6.354764438763706,6.354764438763706,18200
2015-12-28,6.657543182373047,6.837769046744341,6.307905252995296,6.307905252995296,61000
2015-12-29,6.754865646362305,6.848583182945575,6.553733368329472,6.769284046224567,72800
2015-12-30,6.8161420822143555,6.848582792548046,6.715936546408055,6.7656790605873285,35400
2015-12-31,6.794516086578369,7.191013176015333,6.794516086578369,6.834165314267026,133600
2016-01-04,6.89544153213501,7.02880897937501,6.322323894015615,6.650334924719211,161600
2016-01-05,7.082879066467285,7.2054327565492695,6.90265313252406,7.0360206261452936,198200
2016-01-06,6.5061540603637695,7.115317733573238,6.362694687402824,7.028809392778365,297000
2016-01-07,6.2502336502075195,6.434064132567409,5.857341171978827,6.434064132567409,94000
2016-01-08,6.257443428039551,6.484527758086102,5.9474546620169555,6.109658245983952,67200
2016-01-11,6.434066295623779,6.718822927751108,6.134891258068529,6.138495859425509,162800
2016-01-12,5.997918128967285,6.5432819144638055,5.792460699370333,6.480923627935374,196800
2016-01-13,5.87175989151001,6.091635012250589,5.540143878967836,6.07000809771207,90000
2016-01-14,5.997918128967285,6.053788409167645,5.507703772273965,5.814087616299672,248600
2016-01-15,6.643125057220459,6.654659363320723,5.85373562790837,5.85373562790837,111000
2016-01-19,6.235816478729248,6.848584874041117,5.933036881928951,6.643127437821054,178200
2016-01-20,6.596267223358154,6.762075397760592,6.102448675424776,6.217793133700976,63200
2016-01-21,6.369182586669922,6.520572352418723,6.217792820921121,6.520572352418723,79600
2016-01-22,6.01954460144043,6.765679626512682,6.01954460144043,6.434063983424219,182200
2016-01-25,5.828505039215088,6.124075375077028,5.605024987251964,6.030357834131773,123800
2016-01-26,6.048381328582764,6.181748106868323,5.702347250111365,5.934838821388232,79200
2016-01-27,5.7708330154418945,6.037567247143176,5.761821514791013,6.037567247143176,46000
2016-01-28,5.817691802978516,5.974849083997732,5.72036999621585,5.792460287105532,54600
2016-01-29,6.102448463439941,6.275465144844044,5.767228213527507,5.864550354632507,44200
2016-02-01,5.929431915283203,6.1637254292214125,5.909246016575977,5.990708743929245,89200
2016-02-02,5.846527099609375,5.947453836457901,5.788854874983689,5.868154699474369,45200
2016-02-03,5.69153356552124,5.83066818019534,5.677115508139601,5.788855366908902,52200
2016-02-04,5.695138454437256,5.772275048150662,5.594212047650786,5.659093137279563,65400
2016-02-05,6.221396446228027,6.221396446228027,5.7081133006362625,5.767227220141071,120800
2016-02-08,6.16372537612915,6.480922629765894,5.835714321939596,6.0880301472738445,76400
2016-02-09,6.109656810760498,6.23581436031325,6.073611501956677,6.1276791214088675,60200
2016-02-10,6.51503849029541,6.51503849029541,6.125222142129132,6.467985738289826,36000
2016-02-11,6.967469215393066,6.967469215393066,6.305107234479114,6.587425716151219,110800
2016-02-12,7.206353187561035,7.351131617903088,6.949371559998643,7.05795521016568,154600
2016-02-16,7.202734470367432,7.257026301706158,7.086911712749324,7.2389292547126125,151800
2016-02-17,7.220834732055664,7.257028838695877,7.10863079232434,7.257028838695877,70200
2016-02-18,7.238931179046631,7.5176301951259115,6.0445078106472465,7.130347487504241,132600
2016-02-19,7.166540145874023,7.238929719209372,6.69962953797125,7.159301740826997,62000
2016-02-22,7.289602756500244,7.399996556536085,7.148443833363639,7.184638623756109,89000
2016-02-23,7.307701110839844,7.466957097373641,7.063386772932999,7.238931072352184,60400
2016-02-24,7.43438196182251,7.434381961822511,7.184638666038721,7.430762413726141,70800
2016-02-25,7.542965888977051,7.69136391397089,7.057957473996816,7.057957473996816,89000
2016-02-26,7.597258567810059,7.698965605645133,7.489398366369187,7.6008781164227806,41400
2016-02-29,7.865097999572754,7.872337095921645,7.448859624526703,7.622593794750724,113200
2016-03-01,7.618975639343262,7.986351907087126,7.503152838021229,7.872338535003971,153400
2016-03-02,7.314938545227051,7.4922929404480065,7.094151646302207,7.454288032695989,129600
2016-03-03,7.314938545227051,7.501341465014422,7.1375848403642665,7.228071466744759,119200
2016-03-04,7.047099590301514,7.34389636269561,6.967471592064059,7.293223372582405,129800
2016-03-07,6.905938148498535,7.130345248335219,6.696009237845276,6.902318601202679,85200
2016-03-08,7.1194891929626465,7.18463968724116,6.699631219121456,6.699631219121456,66000
2016-03-09,7.123107433319092,7.20273541705791,7.032620805742087,7.1412044826912195,75800
2016-03-10,7.162920951843262,7.202734593983978,6.884222005067728,7.148442761713471,69200
2016-03-11,7.202734470367432,7.307699275932648,7.083292165278997,7.3040797284623205,57200
2016-03-14,7.361995220184326,7.361995220184326,7.177402338220002,7.246172397859686,50000
2016-03-15,7.285982608795166,7.3475135402909615,7.173779389135123,7.285982608795166,93000
2016-03-16,7.608116626739502,7.684125070668264,7.257028032330679,7.257028032330679,58800
2016-03-17,7.597258567810059,7.687745212053187,7.488674870861628,7.488674870861628,110200
2016-03-18,7.553824424743652,7.908531860330622,7.498808397252913,7.655169011849516,44000
2016-03-21,7.542965888977051,7.615355472545953,7.488674046479491,7.553824533619856,41600
2016-03-22,7.347515106201172,7.586399787541343,7.246170508274005,7.553825231320681,68400
2016-03-23,7.392758369445801,7.452479884490838,7.1991170109466704,7.1991170109466704,55800
2016-03-24,7.4814348220825195,7.553824404413212,7.28960291215694,7.340275895931713,46200
2016-03-28,7.3728532791137695,7.676887818225509,7.3728532791137695,7.481436993770933,33600
2016-03-29,7.238931179046631,7.394568309853457,7.156045383909349,7.394568309853457,40000
2016-03-30,7.159301280975342,7.238929254243103,7.144823091094971,7.17377878049762,73600
2016-03-31,7.202734470367432,7.235309707242285,7.1556817339693595,7.159301281439687,31000
2016-04-01,7.170160293579102,7.285259572935079,7.137585051888097,7.220833275297439,55800
2016-04-04,7.358373165130615,7.45971844533536,7.1665412495010665,7.1665412495010665,86000
2016-04-05,7.271507263183594,7.43800236813111,7.195498118051379,7.3583743645073,44600
2016-04-06,7.289602756500244,7.40904508154465,7.249789108390913,7.249789108390913,36000
2016-04-07,7.304080963134766,7.336656205516096,7.231691382207761,7.235310930289932,33000
2016-04-08,7.340273857116699,7.340273857116699,7.26462649535303,7.30407907600472,18200
2016-04-11,7.485055923461914,7.67326832429117,7.269697251035959,7.3257992235019005,73600
2016-04-12,7.600877285003662,7.6443111732470195,7.419904016313098,7.485054503499018,67400
2016-04-13,7.597258567810059,7.673267707960607,7.532108073497676,7.655169964896996,29400
2016-04-14,7.44885778427124,7.61173396009126,7.4452382369910115,7.51038870731902,32800
2016-04-15,7.347515106201172,7.44524084593805,7.166541820921751,7.3040819043347565,52000
2016-04-18,7.369232654571533,7.493018043603248,7.285984415766543,7.29322351311625,54800
2016-04-19,7.738415241241455,7.90129142922986,7.347513080427391,7.347513080427391,138800
2016-04-20,7.633452892303467,7.7854704728609665,7.567940654281912,7.647930395502232,58600
2016-04-21,7.760130882263184,7.770988832256332,7.437998122093231,7.564679498090991,42400
2016-04-22,7.7022223472595215,7.7601337363822225,7.5683018284393935,7.734797589935818,21600
2016-04-25,7.647926330566406,7.731174518555706,7.590014967835179,7.731174518555706,33000
2016-04-26,7.9592061042785645,7.96282565332763,7.56468423258957,7.713082291809277,53800
2016-04-27,7.687744140625,7.959204035521469,7.640691395933893,7.959204035521469,16800
2016-04-28,7.463338851928711,7.669648293966894,7.445241108547446,7.669648293966894,45600
2016-04-29,7.412662982940674,7.532105281451683,7.365971996753378,7.474193905831682,50600
2016-05-02,7.347515106201172,7.423524245004843,7.347515106201172,7.358373751846924,33800
2016-05-03,7.202734470367432,7.539344791168863,6.916797123792491,7.307699275932648,116800
2016-05-04,7.249789237976074,7.278744932735973,7.112249170097893,7.260647192037149,83000
2016-05-05,7.495914459228516,7.600879314467006,7.300463635842885,7.329419338950327,81800
2016-05-06,7.770990371704102,7.781849014206327,7.463336428080096,7.503150069872064,45000
2016-05-09,7.875955581665039,7.941106059300097,7.563595450892823,7.832521699788957,67200
2016-05-10,7.524865627288818,7.644307905958898,6.989184456250398,7.5755378999494765,111800
2016-05-11,7.125382900238037,7.564817478067649,7.0890658269626465,7.357811060895647,46200
2016-05-12,6.842111110687256,7.2016487104051095,6.7876358427343595,7.118119920031294,83200
2016-05-13,6.715001106262207,6.82758340926447,6.627840546580724,6.82758340926447,76400
2016-05-16,6.192036151885986,6.745506213883118,6.083085641355795,6.718631902392968,142600
2016-05-17,5.963241100311279,6.268303427406617,5.890606949025493,6.195669276120831,114800
2016-05-18,6.0177154541015625,6.177510147063357,5.872447866268339,5.883343195114768,59600
2016-05-19,5.897870063781738,6.173878848360731,5.828867694464352,5.9015018403448165,70000
2016-05-20,5.985030174255371,6.0812705142310755,5.901501397642155,5.955976656620752,25400
2016-05-23,5.9196600914001465,6.13756183859383,5.9196600914001465,5.999557791229147,45600
2016-05-24,5.9269232749938965,6.141193232225093,5.919659722245937,5.919659722245937,40000
2016-05-25,5.719916820526123,6.078001794123251,5.556490694922999,5.923291446858154,95400
2016-05-26,5.719916820526123,5.8107091510106645,5.6436512490652975,5.705390061502406,53200
2016-05-27,5.781656265258789,6.017716211796567,5.683600371366138,5.683600371366138,101200
2016-05-31,5.803446292877197,5.883343996587602,5.6763372227936975,5.778024548129556,56000
2016-06-01,5.69449520111084,5.93781867974243,5.632756387347884,5.814341052216518,51600
2016-06-02,5.512911319732666,5.79618334020945,5.4729624661231,5.683600679598825,82200
2016-06-03,5.719916820526123,5.8107091510106645,5.52017362419108,5.5419639358992825,71000
2016-06-06,5.738075256347656,5.759865221332591,5.712653168738235,5.712653168738235,47000
2016-06-07,5.727180004119873,5.810708776536879,5.701757917707766,5.741706762207406,60200
2016-06-08,5.629124641418457,5.748970493173293,5.581912586735451,5.748970493173293,62000
2016-06-09,5.4656982421875,5.629124364135281,5.447539707227691,5.629124364135281,77000
2016-06-10,5.469330310821533,5.6109661291198965,5.451171774891027,5.483857070296885,35200
2016-06-13,5.396695613861084,5.483856508123223,5.269586568068567,5.483856508123223,70000
2016-06-14,5.309535980224609,5.3603798151038555,5.171531582419762,5.3603798151038555,88600
2016-06-15,5.440276145935059,5.5165417155671035,5.3313256290423485,5.345852387717726,47800
2016-06-16,5.418486595153809,5.614598025430087,5.411223042088444,5.614598025430087,33600
2016-06-17,5.338588237762451,5.588448597555009,5.3167982753605365,5.418485574708288,44000
2016-06-20,5.175161838531494,5.349482913162654,5.175161838531494,5.32406117636524,157000
2016-06-21,5.157003879547119,5.280481494300207,5.124318587836569,5.138845345669567,51200
2016-06-22,5.135214328765869,5.18242638210457,5.091634051763665,5.117055793428637,86600
2016-06-23,5.287744998931885,5.356747011433022,5.106160354476528,5.106160354476528,40800
2016-06-24,5.847025394439697,5.979582095068655,5.4475390582934295,5.4475390582934295,272600
2016-06-27,5.70902156829834,5.861552357673132,5.629124224267553,5.843394169509749,61400
2016-06-28,5.7598652839660645,5.812524655206653,5.654546195139635,5.6581779714583655,41200
2016-06-29,5.832499027252197,5.923291356349419,5.7017581980364875,5.770760562103716,28600
2016-06-30,5.876079082489014,6.031515352021079,5.756233247363051,5.7961817436233,46400
2016-07-01,5.970503807067871,5.988661995968295,5.886974337130609,5.912033108842737,21800
2016-07-05,5.992292404174805,6.039504100151217,5.966870668442095,5.988660628685797,33600
2016-07-06,6.11940336227417,6.133929775306517,5.995925734391849,6.006821063684005,54000
2016-07-07,6.050400733947754,6.221090062670448,6.028610768995824,6.221090062670448,38400
2016-07-08,6.046769142150879,6.162983215693998,6.010452070996025,6.0649280240735655,19400
2016-07-11,6.057663917541504,6.0976127614289615,5.99229333397674,5.995925110029277,48600
2016-07-12,6.075821876525879,6.286460030815125,5.999556660363248,6.068558324694077,99000
2016-07-13,5.992292404174805,6.137559960283397,5.945080708198392,6.086716488817977,54800
2016-07-14,6.0177154541015625,6.206563664630002,5.886974278706412,5.966871971532559,64200
2016-07-15,6.0867180824279785,6.097613411747592,5.91239696945733,5.959608677794599,21800
2016-07-18,6.046769142150879,6.068559107767585,6.0140838473805625,6.054032694919954,26800
2016-07-19,6.0830864906311035,6.202932346022482,5.97413596489005,5.992294154950042,33200
2016-07-20,6.192036151885986,6.242880323798468,6.028610386090699,6.028610386090699,29200
2016-07-21,6.217458248138428,6.274838644060428,6.050400022638995,6.137560564890276,53000
2016-07-22,6.26467227935791,6.464415176406096,6.213828783969064,6.33004288353824,58800
2016-07-25,6.217458248138428,6.384515780947446,6.101970131358493,6.199299368904568,50600
2016-07-26,6.2210893630981445,6.4063057760878825,6.119402409630349,6.4063057760878825,46600
2016-07-27,6.268301963806152,6.493466533374803,6.144824351065753,6.2501430838793635,76200
2016-07-28,6.29372501373291,6.31188320475085,6.228354417763392,6.30098856721632,12800
2016-07-29,6.1956682205200195,6.326409393482875,6.101244117012456,6.275565911859758,24400
2016-08-01,6.0794548988342285,6.195668981207218,6.046769601580504,6.177510790595402,18800
2016-08-02,6.0867180824279785,6.144825120084861,5.902228272501902,6.108508048376677,25800
2016-08-03,6.043138027191162,6.083086879102977,5.936003036538143,6.043138027191162,86000
2016-08-04,6.184773921966553,6.210195664164951,5.992293928236431,6.003189257474539,32800
2016-08-05,6.177509784698486,6.202931524491781,5.998104341565414,6.159350904352949,9000
2016-08-08,6.177509784698486,6.348199103803793,6.153903586594517,6.170246232560272,29800
2016-08-09,6.177509784698486,6.511988533261116,6.061295721248878,6.228353264285077,22800
2016-08-10,6.152087211608887,6.533414642238665,6.152087211608887,6.322776507594436,7600
2016-08-11,6.123035430908203,6.294451407551472,6.093981910766491,6.294451407551472,15200
2016-08-12,6.231985092163086,6.460782137585732,5.985029858934403,6.064927547738073,47200
2016-08-15,6.2465128898620605,6.300988152016852,6.2247222308477115,6.2755664091906525,9000
2016-08-16,6.231985092163086,6.281013030467939,6.20656335215845,6.224721539964486,15200
2016-08-17,6.1956682205200195,6.311882288624564,6.101244117012456,6.1738782559230385,25400
2016-08-18,6.162982940673828,6.533415803080019,6.11577123516268,6.133929423584548,36000
2016-08-19,6.228355407714844,6.282104742268321,6.064929584506297,6.115773081590197,36000
2016-08-22,6.181141376495361,6.428096600308779,6.046768436706142,6.428096600308779,24000
2016-08-23,6.1884050369262695,6.231984963839582,6.123034453865852,6.12666622989037,14600
2016-08-24,6.108506679534912,6.1811408066748585,6.101243128282842,6.1811408066748585,9600
2016-08-25,6.181141376495361,6.213826667452457,6.137560757655755,6.137560757655755,18800
2016-08-26,6.1884050369262695,6.279197359467861,6.1738779328282,6.279197359467861,15400
2016-08-29,6.192036151885986,6.248690611315013,6.1666144122749715,6.221089667540068,22600
2016-08-30,6.144824028015137,6.290091596340117,6.10850696276129,6.290091596340117,23200
2016-08-31,6.126666069030762,6.2247212483564365,6.061295487686691,6.2247212483564365,21000
2016-09-01,6.202933311462402,6.250508691175859,6.166616232999388,6.166616232999388,16000
2016-09-02,6.311882495880127,6.319146048547787,6.181142011314792,6.181142011314792,49800
2016-09-06,6.380884170532227,6.438991200206237,6.268301887125136,6.268301887125136,23600
2016-09-07,6.417201519012451,6.464413222936606,6.279197490649914,6.348199158485951,28800
2016-09-08,6.242879390716553,6.647450037931711,6.170245266092266,6.457149296398815,27000
2016-09-09,6.152087211608887,6.2973547712445,6.061294900250333,6.210194235463132,26400
2016-09-12,6.144824028015137,6.152087579603987,6.097612328068419,6.137560476426286,21600
2016-09-13,6.115772247314453,6.177511067933174,6.086718725416855,6.119404024137978,13800
2016-09-14,6.235617637634277,6.261039380775535,6.115771782332243,6.17387882170956,21600
2016-09-15,6.118927955627441,6.290316025944942,6.107988025192914,6.231971121346383,16200
2016-09-16,5.94024658203125,6.151747034501406,5.896487555939507,6.126220530224317,52800
2016-09-19,6.07881498336792,6.144453168557215,5.984004348708501,5.984004348708501,19000
2016-09-20,6.042349815368652,6.126220528534728,5.976711624012204,6.060583032704402,12400
2016-09-21,5.907426357269287,6.126219359332157,5.83449489289767,6.024116143843082,49200
2016-09-22,5.7652106285095215,5.889193357366955,5.7287448949989175,5.834495104864058,97200
2016-09-23,6.049643516540527,6.15174745403372,5.761565270408268,5.761565270408268,61000
2016-09-26,5.852727890014648,6.013176707442255,5.82720208405422,6.013176707442255,18800
2016-09-27,5.827202796936035,6.002237512528781,5.823556501183487,6.002237512528781,33600
2016-09-28,5.856375217437744,5.885547669876649,5.816263182275016,5.819909825770645,29000
2016-09-29,5.881901264190674,5.889194551476806,5.856375454215371,5.856375454215371,27000
2016-09-30,5.852727890014648,5.9220127172829855,5.823555788747748,5.860021176153641,38000
2016-10-03,5.7360382080078125,5.889193742343306,5.728745269486757,5.849082058832957,88400
2016-10-04,5.630288600921631,5.761564986146565,5.5135987898444165,5.761564986146565,285200
2016-10-05,5.725099086761475,5.7943839209801045,5.564650601001539,5.699573278240432,283200
2016-10-06,5.699573993682861,5.834496687858006,5.69228070589675,5.69228070589675,72800
2016-10-07,5.63393497467041,5.728745615512053,5.484426074446386,5.728745615512053,59200
2016-10-10,5.6157026290893555,5.677694180974888,5.5245386231121705,5.677694180974888,29000
2016-10-11,5.524538993835449,5.652168749873315,5.473487369630789,5.575590965803217,32000
2016-10-12,5.619349002838135,5.630288585656197,5.509952131368321,5.509952131368321,46200
2016-10-13,5.861845016479492,5.888464885690048,5.571943143730631,5.586529368671168,37800
2016-10-14,5.819908142089844,5.925658338528448,5.794382340531101,5.870960092970295,31000
2016-10-17,5.754271030426025,5.816262572298141,5.71780564258321,5.787090122918678,24800
2016-10-18,5.6485209465026855,5.736038296686542,5.637581364670463,5.736038296686542,32200
2016-10-19,5.630288600921631,5.740779535301747,5.601116148152327,5.619349018073909,41400
2016-10-20,5.579234600067139,5.619346618555925,5.550062159754763,5.615699976576148,16200
2016-10-21,5.524538993835449,5.559181415805117,5.469840725683854,5.517246053704686,40200
2016-10-24,5.550064563751221,5.692280184933661,5.524538406599111,5.531831693717734,196600
2016-10-25,5.5464186668396,5.663108494341549,5.524539150301425,5.615703164978103,241600
2016-10-26,5.53912353515625,5.644873743073898,5.4990115072436945,5.531830597246241,28800
2016-10-27,5.721452236175537,5.721452236175537,5.522715044829506,5.5755899816748595,14200
2016-10-28,5.48077917098999,5.615701839124997,5.48077917098999,5.524537845971908,31200
2016-10-31,5.5610032081604,5.582882718060691,5.480778802210017,5.506304955054191,40800
2016-11-01,5.6157026290893555,5.630288856135182,5.5172456834708,5.571943947951877,26200
2016-11-02,5.5719428062438965,5.677693017598369,5.546417001084786,5.5719428062438965,163800
2016-11-03,5.535478591918945,5.739685771951291,5.531831948191882,5.66310799249839,138800
2016-11-04,5.488072395324707,5.622995061934384,5.4078479848832925,5.531831069811924,70800
2016-11-07,5.622995376586914,5.626642019938999,5.437020738787167,5.47348647678192,64400
2016-11-08,6.191857814788818,6.2502027106823315,5.652167180010806,5.714158718838417,111400
2016-11-09,6.536056041717529,6.708153620765356,6.27973984462843,6.27973984462843,124200
2016-11-10,6.356633186340332,6.649565301579643,6.213828169056572,6.587317139790633,41200
2016-11-11,6.24312162399292,6.477468023726529,6.116794775321607,6.4078963817427015,34800
2016-11-14,6.089332103729248,6.534955879911954,5.923093487943459,6.239460604862307,25400
2016-11-15,6.04172945022583,6.2833985723624535,5.968496086618622,6.125947329490538,20200
2016-11-16,5.961175441741943,6.085671785372814,5.893434311727398,6.019761874226428,37600
2016-11-17,5.931880950927734,5.982777929402696,5.913572258206933,5.913572258206933,11800
2016-11-18,6.05271577835083,6.221151567882524,5.902587983888148,5.928219456346863,16000
2016-11-21,5.961175441741943,6.140596478526349,5.902589009257458,6.016100134895477,29600
2016-11-22,6.089332103729248,6.114964276004353,5.968497513767739,6.067362368755869,83800
2016-11-23,6.082009792327881,6.532027270770189,6.04539309895122,6.532027270770189,26400
2016-11-25,5.957512855529785,6.114964132351603,5.913572688209987,6.082009181463071,14200
2016-11-28,6.060038089752197,6.21456023808811,5.887940574804428,5.898925790041379,143600
2016-11-29,6.078347682952881,6.217490271223424,6.041730991806329,6.1442575873356144,222600
2016-11-30,5.990468502044678,6.147919797150085,5.96849806663089,6.147919797150085,14600
2016-12-01,6.0014519691467285,6.169888452428046,5.898926082145707,6.1259482877095905,85400
2016-12-02,6.147918224334717,6.26875279457618,5.924557076940885,6.078346593466853,238000
2016-12-05,6.4994378089904785,6.536054499708102,6.038069182121111,6.122287081887945,209000
2016-12-06,6.678857803344727,6.7520911735747084,6.466481867763997,6.5799929630558065,60000
2016-12-07,6.708151817321777,6.898558044061018,6.704490078530031,6.72646051128051,28000
2016-12-08,6.583654880523682,6.647734255819562,6.363955462261743,6.647734255819562,48200
2016-12-09,6.539716720581055,6.755754443490654,6.4426823782673734,6.6642130591528685,32200
2016-12-12,6.429866790771484,6.609287824462799,6.254107496347995,6.598303305064676,34200
2016-12-13,6.36029577255249,6.497607850817907,6.283400645553076,6.283400645553076,24800
2016-12-14,6.426206111907959,6.5177475134930045,6.352973409683205,6.352973409683205,37200
2016-12-15,6.4811296463012695,6.576332061953458,6.384461976397586,6.448174695342717,13000
2016-12-16,6.506760597229004,6.547038324185001,6.389587758074808,6.481129125964675,42000
2016-12-19,6.569010257720947,6.590979995485729,6.457329651608136,6.481130608256449,39000
2016-12-20,6.814339637756348,6.825324154905331,6.412289408697461,6.525068580476136,38800
2016-12-21,6.70082950592041,6.733784462376198,6.536055422046856,6.708152984778448,38800
2016-12-22,6.719137668609619,6.766738880589787,6.616611067968442,6.616611067968442,18200
2016-12-23,6.872927665710449,6.8985591429302415,6.70851885027714,6.828987491615538,20400
2016-12-27,6.905881881713867,6.949821352695283,6.792370068467063,6.894896664765864,51800
2016-12-28,6.953482151031494,6.953482151031494,6.781384632558744,6.869264261038778,29200
2016-12-29,6.949820041656494,6.949820041656494,6.777722532367989,6.90954231725588,33800
2016-12-30,7.140228271484375,7.242754877577775,6.821663933612096,6.938837497035424,23600
2017-01-03,7.07431697845459,7.312324401332013,6.937004923132395,7.312324401332013,59600
2017-01-04,6.9827752113342285,7.1988128886338405,6.982775211334228,7.063332059523691,18800
2017-01-05,7.129241466522217,7.147550159109123,6.927850736902716,7.019392104621619,19600
2017-01-06,7.0486860275268555,7.107272452922189,6.975452646580049,7.107272452922189,13000
2017-01-09,7.1475510597229,7.323310340272161,7.019392989087079,7.066994199000516,26400
2017-01-10,7.213460445404053,7.308662858379561,7.028546481512789,7.028546481512789,17600
2017-01-11,7.176844596862793,7.2171223306354335,7.034039563870594,7.2171223306354335,54600
2017-01-12,7.176844596862793,7.1988143333210814,7.140227903828759,7.195152594177145,55600
2017-01-13,7.085305213928223,7.140229919783916,7.061504251975395,7.1036132164116115,2400
2017-01-17,7.176844596862793,7.176844596862793,6.82935302504026,7.019393305700178,29600
2017-01-18,7.019392013549805,7.158534583378963,6.865602489841154,7.030377228959423,35600
2017-01-19,6.9974236488342285,6.9974236488342285,6.902220525224982,6.924190261933166,18000
2017-01-20,6.968128204345703,6.968128204345703,6.91430142378499,6.91430142378499,4200
2017-01-23,7.077978134155273,7.117889894507087,6.957143563359448,6.971790516622056,37000
2017-01-24,6.909544467926025,7.0358713354940745,6.909544467926025,7.0358713354940745,2000
2017-01-25,7.045023441314697,7.173181493355049,6.90588087233716,6.90588087233716,10200
2017-01-26,6.993762016296387,7.023055231822436,6.92052862827859,7.012070014098162,8000
2017-01-27,6.993762016296387,6.993762016296388,6.8956297792043895,6.8956297792043895,8200
2017-01-30,6.993762016296387,7.0303787103052855,6.89855889123539,6.89855889123539,17200
2017-01-31,6.9461588859558105,6.957144101752881,6.905881158177006,6.93883610716299,47000
2017-02-01,6.847295761108398,6.9717920984671204,6.781385853282566,6.876588975874843,49000
2017-02-02,6.85095739364624,6.854619133109019,6.634920352585416,6.8289876552749575,41400
2017-02-03,6.828988075256348,6.876589992794589,6.788710335499489,6.807018335533931,7800
2017-02-06,6.766470432281494,6.832296737411128,6.744406050723413,6.79515475957964,10200
2017-02-07,6.803244590759277,6.825308971414464,6.709470446914221,6.788534536046476,11800
2017-02-08,7.2187933921813965,7.321761664875093,6.946663708720171,7.2445359864153005,76600
2017-02-09,7.641699314117432,7.641699314117431,7.262923795320754,7.303375747240864,63200
2017-02-10,7.821893692016602,7.891764356227348,7.538731416802208,7.586537697652408,27600
2017-02-13,7.902797222137451,7.96531356206336,7.785855354266528,7.862345266475353,47400
2017-02-14,7.810859680175781,7.873376005781244,7.711568921611698,7.805711301646412,22800
2017-02-15,7.866021156311035,7.906473103619237,7.465181300991174,7.615955848249398,22400
2017-02-16,7.6086015701293945,7.840279312036581,7.6086015701293945,7.840279312036581,73000
2017-02-17,7.630667209625244,7.814538708652358,7.549764002562391,7.68178346390953,52600
2017-02-21,7.509312152862549,7.715248038243842,7.4651826838595,7.63802234425615,40000
2017-02-22,7.25556755065918,7.652729871133713,7.11030893077374,7.439439008312463,71000
2017-02-23,7.310728549957275,7.384277410589034,6.994470132634118,7.200405960423556,75200
2017-02-24,7.068018436431885,7.35669656298363,6.673430313139202,7.226147999035044,29200
2017-02-27,7.0937628746032715,7.229827393114221,6.946665112063488,7.042278377148701,20600
2017-02-28,6.862082004547119,7.101114733472767,6.805081606303809,7.101114733472767,20000
2017-03-01,6.9245991706848145,6.97976046852264,6.667178845556355,6.97976046852264,37000
2017-03-02,6.873115062713623,6.961373275382703,6.8473731716952155,6.924598844750439,21200
2017-03-03,6.9466633796691895,6.987115324420929,6.730430788810348,6.825308246827911,18400
2017-03-06,6.895179271697998,6.946663052474227,6.858404841966161,6.909889324156296,8400
2017-03-07,6.917246341705322,6.979762686161529,6.854729997249116,6.898859470388747,10000
2017-03-08,6.89150333404541,6.983439078685419,6.865761437772458,6.968729724278332,13400
2017-03-09,6.766470432281494,6.954019429060299,6.737051023066037,6.840019306027158,15400
2017-03-10,6.689244747161865,6.895180611702103,6.549502027306172,6.748083565601934,25200
2017-03-13,6.7002763748168945,6.810599681954977,6.534792466230803,6.645115071954864,24200
2017-03-14,6.74072790145874,6.891502447151474,6.534792056363734,6.534792056363734,22600
2017-03-15,6.784857273101807,6.92827678995498,6.676740622669155,6.74808284017654,26800
2017-03-16,6.707631587982178,6.983438811343685,6.707631587982178,6.862083661121183,10400
2017-03-17,6.909890174865723,6.909890174865723,6.663502377166518,6.663502377166518,44400
2017-03-20,6.854730129241943,6.8731177023267644,6.718665595485235,6.8731177023267644,11600
2017-03-21,6.549501895904541,6.766470297579554,6.549501895904541,6.766470297579554,3800
2017-03-22,6.3950514793396,6.641439353373208,6.306793230622007,6.527439203123094,121000
2017-03-23,6.4171142578125,6.475953069112536,6.262662202796418,6.284726581680441,46000
2017-03-24,6.4060821533203125,6.549501677940899,6.387695286568855,6.435501560971048,22800
2017-03-27,6.336211204528809,6.512727661782978,6.255308003640827,6.402405051352635,46600
2017-03-28,6.325179100036621,6.435501705857134,6.196468925636673,6.266340283410477,136000
2017-03-29,6.420792579650879,6.604664083554936,6.396889789161521,6.531115902841787,9200
2017-03-30,6.306790351867676,6.488823388980427,6.196467766681329,6.369306670516977,49600
2017-03-31,6.281050205230713,6.314147130254605,6.1964694863536955,6.284727719279377,42600
2017-04-03,6.3950514793396,6.714988244678308,6.3950514793396,6.6120199371340105,17200
2017-04-04,6.475955009460449,6.619374567299403,6.398728608106588,6.619374567299403,11400
2017-04-05,6.51640510559082,6.552076218186493,6.2148559856702335,6.552076218186493,14200
2017-04-06,6.623050212860107,6.792211622944178,6.325178637782435,6.435501235540397,20200
2017-04-07,6.615695953369141,6.667179744772977,6.494340801192917,6.667179744772977,10800
2017-04-10,6.612018585205078,6.612018585205079,6.2700175029679075,6.505373486173547,14800
2017-04-11,6.512726306915283,6.593630192386567,6.4538875000710245,6.542146411751317,23400
2017-04-12,6.398726940155029,6.560534028240178,6.395049426628778,6.527437107917898,12400
2017-04-13,6.4575653076171875,6.58995297976012,6.350920228379553,6.3766621198709155,8400
2017-04-17,6.361953258514404,6.531115393653004,6.361953258514404,6.520082851769812,44600
2017-04-18,6.33253288269043,6.420791100056635,6.277371584513297,6.306790990302032,14200
2017-04-19,6.372984409332275,6.4355007301964555,6.288403710931891,6.292081224090244,13200
2017-04-20,6.306790351867676,6.406081099383722,6.292081001169312,6.306790351867676,14600
2017-04-21,6.2626633644104,6.319663078884403,6.2626633644104,6.31046964442867,22000
2017-04-24,6.3031134605407715,6.3031134605407715,6.099016026542587,6.251629675897611,10200
2017-04-25,6.369307994842529,6.369307994842529,6.303114149401943,6.317824204572757,6000
2017-04-26,6.527437210083008,6.527437210083008,6.222210596766672,6.410862905273589,14800
2017-04-27,6.571566581726074,6.582598420912511,6.475953334097693,6.494340200351079,4800
2017-04-28,6.453888416290283,6.604662967909979,6.439546604136431,6.531114799620423,15000
2017-05-01,6.3876953125,6.516404783110718,6.3876953125,6.516404783110718,14400
2017-05-02,6.361953258514404,6.6083410825931415,6.330327900994577,6.428147106985419,5800
2017-05-03,6.523760795593262,6.553180207806203,6.3876962771387005,6.3876962771387005,13800
2017-05-04,6.347243309020996,6.372985202921035,6.347243309020996,6.372985202921035,600
2017-05-05,6.277371883392334,6.485146841213238,6.2295656097397165,6.40240453930102,23400
2017-05-08,6.253468990325928,6.2700174522815,6.025468738286998,6.2700174522815,12200
2017-05-09,6.240597248077393,6.431823739357521,6.170726596636324,6.170726596636324,15000
2017-05-10,5.571304798126221,6.251629303825285,5.466498127675204,6.251629303825285,94600
2017-05-11,5.93360710144043,5.944698210212375,5.563912289928499,5.563912289928499,30200
2017-05-12,5.693305492401123,5.892940870639376,5.685911772316857,5.885547150555109,6400
2017-05-15,5.73397159576416,5.777225788105518,5.7177047786318305,5.7177047786318305,18800
2017-05-16,5.745062351226807,5.796819796758131,5.689608222318695,5.689608222318695,14400
2017-05-17,5.804214000701904,5.878152962942488,5.456700701886772,5.730275038461321,25800
2017-05-18,6.04081916809082,6.417908412838736,5.767244825372993,5.767244825372993,12400
2017-05-19,6.284817218780518,6.358756526938818,5.911425052342351,6.014939942736472,17000
2017-05-22,6.236757755279541,6.395726084206317,5.966879748428701,6.166515476361851,23000
2017-05-23,6.0149407386779785,6.111061569948189,5.9225169438186525,6.092576387893767,7600
2017-05-24,5.774637699127197,6.011242701501283,5.774637699127197,6.011242701501283,12400
2017-05-25,5.896637439727783,5.896637439727783,5.8042136543008,5.8042136543008,11800
2017-05-26,5.915121555328369,6.1184535767378065,5.804212955652218,5.952091206076659,18200
2017-05-30,5.959486961364746,6.212727977077967,5.959486961364746,6.212727977077967,1600
2017-05-31,6.000151634216309,6.155423612973176,5.959485650470152,6.155423612973176,9600
2017-06-01,5.85597038269043,6.273725531312266,5.811607013435953,6.273725531312266,25000
2017-06-02,5.674820423126221,6.005697735843154,5.674820423126221,5.863364672689952,53400
2017-06-05,5.660033226013184,6.255242324700536,5.637851360611657,5.73027515340857,35800
2017-06-06,5.637851715087891,5.652639508762418,5.637851715087891,5.637851715087891,4000
2017-06-07,5.619366645812988,5.822699064614886,5.575003266676559,5.822699064614886,24200
2017-06-08,5.674820423126221,5.759850134341605,5.626760013608014,5.626760013608014,3600
2017-06-09,6.009392738342285,6.114756476508928,5.6378495226817265,5.6378495226817265,20800
2017-06-12,6.173908233642578,6.236756426624716,5.582395953540833,5.737667918253323,51400
2017-06-13,6.214575290679932,6.42899845004782,6.1702122674383215,6.266333091311863,21000
2017-06-14,6.203485012054443,6.281120656855583,6.201266649306539,6.281120656855583,4000
2017-06-15,6.107363700866699,6.192393411311408,6.1036666649598645,6.12215113935654,5200
2017-06-16,5.915121555328369,6.227513658619671,5.915121555328369,6.227513658619671,55600
2017-06-19,6.14802885055542,6.14802885055542,5.730273721746609,5.9705753819536636,51000
2017-06-20,5.796819686889648,6.205702123819323,5.793122651014177,5.937303524470076,58000
2017-06-21,5.859667778015137,5.907727833231516,5.71548655465978,5.7302743453191445,40200
2017-06-22,5.660033226013184,5.854492894519538,5.660033226013184,5.767244811554851,33600
2017-06-23,5.700698375701904,5.9151215019417975,5.656335006745587,5.859667378888579,85600
2017-06-26,5.767245292663574,6.036382931528531,5.722881558159659,5.86928117688494,54800
2017-06-27,5.715487480163574,5.885547276568265,5.715487480163574,5.785729409027583,19600
2017-06-28,5.737669467926025,5.874456644723208,5.678517941884796,5.682214978369024,19800
2017-06-29,6.007546424865723,6.0851820709671856,5.763547672636028,5.767244708898607,39800
2017-06-30,6.058193206787109,6.251544006813304,6.051909021968441,6.2404529001018085,13800
2017-07-03,6.155423641204834,6.184999222763814,6.040818350805972,6.184999222763814,16600
2017-07-05,6.062999248504639,6.222707936907199,6.026029599004399,6.203483775578067,5200
2017-07-06,6.14802885055542,6.28111930457544,6.033423573558961,6.033423573558961,35400
2017-07-07,6.177605628967285,6.410513968756515,6.177605628967285,6.192393773459476,24400
2017-07-10,6.159121036529541,6.369847155578852,6.159121036529541,6.369847155578852,6000
2017-07-11,5.737669467926025,6.2108788557054195,5.737669467926025,6.2108788557054195,66800
2017-07-12,5.538032531738281,5.94469729032708,5.538032531738281,5.759849736890122,62200
2017-07-13,5.587942123413086,5.611972505669455,5.453003477898542,5.5565180214715975,16800
2017-07-14,5.478882312774658,5.660033214231821,5.478882312774658,5.545427556271934,17200
2017-07-17,5.563911437988281,5.563911437988281,5.508456960326035,5.549123647792095,12800
2017-07-18,5.486276149749756,5.604578486379797,5.482579113587874,5.482579113587874,9800
2017-07-19,5.460397720336914,5.575003023293942,5.460397720336914,5.501064061294443,9800
2017-07-20,5.512154579162598,5.550972752889719,5.453003412120094,5.453003412120094,10400
2017-07-21,5.538032531738281,5.541729567423515,5.508456951393866,5.5121539870791,30400
2017-07-24,5.497366905212402,5.549124353768156,5.491821350970038,5.549124353768156,17200
2017-07-25,5.456700801849365,5.575003143601506,5.456700801849365,5.545427558163471,22600
2017-07-26,5.5158514976501465,5.541730044537334,5.489972950762959,5.489972950762959,9000
2017-07-27,5.508456707000732,5.560214146591506,5.508456707000732,5.560214146591506,6000
2017-07-28,5.560216426849365,5.560216426849365,5.508458966032736,5.508458966032736,7400
2017-07-31,5.571305274963379,5.615668646492838,5.508457077154462,5.532487457088379,8800
2017-08-01,5.726577281951904,5.726577281951904,5.582396411859184,5.61566867625607,16600
2017-08-02,5.704395294189453,5.787576477062206,5.663728609054202,5.763546451583955,3600
2017-08-03,5.730274677276611,5.767244332351061,5.633045027386698,5.708092813718189,6400
2017-08-04,5.708093166351318,5.785729164748832,5.708093166351318,5.748759859959262,6200
2017-08-07,5.989063262939453,6.022335891466495,5.704397754491525,5.704397754491525,24800
2017-08-08,6.066697120666504,6.0777882285874485,5.9705763007641925,6.026030430093888,23600
2017-08-09,6.196091651916504,6.221970203158384,5.999413957340577,6.063001153943821,68600
2017-08-10,6.136940002441406,6.210878613833723,6.059303649571254,6.1739096607063555,25600
2017-08-11,6.048213481903076,6.1258491326677325,6.011243822194264,6.011243822194264,26800
2017-08-14,6.03896951675415,6.155423678342898,6.007545769655793,6.155423678342898,23000
2017-08-15,6.4770588874816895,6.519573743082004,6.0556059571432375,6.063000029022641,116200
2017-08-16,6.636027812957764,6.758027176685295,6.395725416252403,6.395725416252403,53000
2017-08-17,6.395726203918457,6.636028630218278,6.284817934193603,6.525119655355842,49400
2017-08-18,6.299605369567871,6.453028482233651,6.218271989474563,6.340271354477022,86000
2017-08-21,6.392028331756592,6.491106484382731,6.284816419082752,6.406815768424155,174400
2017-08-22,6.373544692993164,6.469665522515621,6.3587572527561,6.451181045934895,62000
2017-08-23,6.425301551818848,6.469665281150116,6.336574798293867,6.4068170759277265,115800
2017-08-24,6.336573600769043,6.513288090263795,6.284816513945234,6.5066337084060795,57400
2017-08-25,6.351362228393555,6.399422283384771,6.310695539844273,6.3661496664149,15200
2017-08-28,6.406816482543945,6.443786136039703,6.306998629646646,6.310695665509971,19200
2017-08-29,6.432695388793945,6.536210283353227,6.3291811993721945,6.369847185871798,116800
2017-08-30,6.432695388793945,6.647118544915826,6.358756782798056,6.469665044360656,87000
2017-08-31,6.336573600769043,6.562087830736935,6.327331364570138,6.55284559453803,62000
2017-09-01,6.421604156494141,6.4363915937287945,6.281119624509011,6.358755961687622,68400
2017-09-05,6.51033353805542,6.517726907105219,6.373545986137115,6.414212689030776,79600
2017-09-06,6.636027812957764,6.636027812957764,6.45487658017257,6.514028449230232,31200
2017-09-07,6.617544174194336,6.617544174194336,6.406818015526056,6.573181143494519,77200
2017-09-08,6.602755069732666,6.709966287875606,6.510331289720227,6.617542507863166,14600
2017-09-11,6.665604591369629,6.798694381510391,6.56208968336004,6.624937894448429,38000
2017-09-12,6.957662105560303,6.962837814720523,6.669300360762312,6.676693727321564,92800
2017-09-13,6.221970081329346,6.595362311556686,5.992758750990859,6.099970695622402,104400
2017-09-14,6.281119346618652,6.373543116942889,6.1591199979961555,6.225665225451591,64000
2017-09-15,6.314550399780273,6.522558920459287,6.266262973157342,6.307121346923369,71800
2017-09-18,6.325695037841797,6.392554399324239,6.29226500286378,6.341295626368393,48400
2017-09-19,6.180830478668213,6.299692494262064,6.158544027862741,6.2736915169100955,25800
2017-09-20,6.095398426055908,6.2031175692915435,6.080541028507866,6.125113929625481,29800
2017-09-21,6.054540157318115,6.132172567317403,6.0248246497517455,6.061969211328104,104000
2017-09-22,6.184545040130615,6.336837087029214,6.035967519799482,6.035967519799482,145400
2017-09-25,6.110256671905518,6.16225862722392,6.039682083635181,6.154829574043147,31000
2017-09-26,6.154829025268555,6.3294082170834365,6.113969944890869,6.113969944890869,53200
2017-09-27,6.173402786254883,6.258834780429474,6.147401097682398,6.217975692574855,20800
2017-09-28,6.206831932067871,6.206831932067871,6.136258047692127,6.177116425890308,4400
2017-09-29,6.132542133331299,6.208688144962349,6.128827607340345,6.1808295542669,36800
2017-10-02,6.136257171630859,6.191973649200066,6.11768454012549,6.128828119028712,9800
2017-10-03,6.132542133331299,6.217974105703035,6.110255685858974,6.136256659322251,37400
2017-10-04,6.184545040130615,6.318265162665385,6.169687642334252,6.188259566698081,16400
2017-10-05,6.188258647918701,6.240260595195421,6.091683096923796,6.154828622248411,141600
2017-10-06,6.232833385467529,6.385125437458956,6.210546225317424,6.211289414045171,69400
2017-10-09,6.084255218505859,6.273691831020819,6.0805414002469185,6.273691831020819,8000
2017-10-10,6.1956892013549805,6.303407648027848,6.0991136269568695,6.102828153872977,14200
2017-10-11,6.299692153930664,6.351694814298731,6.091683637878773,6.128828192863547,100000
2017-10-12,6.281120777130127,6.399982796643587,6.262548852258719,6.399982796643587,6600
2017-10-13,6.188258647918701,6.281119672897641,6.188258647918701,6.240260595195421,19000
2017-10-16,6.106542110443115,6.2959787146300075,6.106542110443115,6.184545042975276,24000
2017-10-17,6.14739990234375,6.273690959816142,6.084254373607554,6.084254373607554,6000
2017-10-18,6.12139892578125,6.12139892578125,6.084254372097395,6.110256055607497,4400
2017-10-19,6.035966873168945,6.113969797308807,6.021108768490824,6.054538795543172,24800
2017-10-20,5.998823165893555,6.074969191923381,5.972822187513642,6.069397756120121,38600
2017-10-23,6.050826072692871,6.082398488136502,5.96910789912384,6.043397019009586,58600
2017-10-24,5.9728217124938965,6.017395320795602,5.9691071860959655,6.017395320795602,11000
2017-10-25,5.943105697631836,6.024823145923847,5.76109817065867,6.024823145923847,31400
2017-10-26,5.84281587600708,5.905961405161461,5.787099399335201,5.905961405161461,5400
2017-10-27,5.84281587600708,5.924533682130994,5.84281587600708,5.868817205459115,3600
2017-10-30,5.690524101257324,5.839101969533389,5.664523124859626,5.8279583903028875,43800
2017-10-31,5.768527507781982,5.868817597576175,5.590234487130187,5.757384282550431,53000
2017-11-01,5.571662902832031,5.731384019402322,5.534518341785103,5.731384019402322,92800
2017-11-02,5.957964897155762,5.9728222957248045,5.56051938968594,5.567948088970462,49200
2017-11-03,5.775956630706787,6.021109359953396,5.7573843522714645,6.021109359953396,54600
2017-11-06,5.657094955444336,5.761099585749838,5.627379447996133,5.705382743606863,8600
2017-11-07,5.768527507781982,5.87476062741722,5.6979532756664995,5.6979532756664995,18000
2017-11-08,5.809015274047852,5.809015274047852,5.66452351652694,5.749955504447472,26600
2017-11-09,5.857674598693848,5.872532350988957,5.634807960030463,5.735097699463256,22400
2017-11-10,5.716525077819824,5.813100278845315,5.686809576852487,5.801957054541742,15800
2017-11-13,5.649665832519531,5.701668143777114,5.649665832519531,5.701668143777114,5200
2017-11-14,5.645951271057129,5.716525861203523,5.605092540187003,5.645951271057129,31600
2017-11-15,5.608806133270264,5.710581526259466,5.571661581035347,5.571661581035347,77400
2017-11-16,5.579091548919678,5.6422367313048545,5.575377022239149,5.605092527209854,11400
2017-11-17,5.809386730194092,5.813100902535969,5.571662342713102,5.571662342713102,51000
2017-11-20,5.612520694732666,5.722096741772205,5.593948771562625,5.720239478607855,10000
2017-11-21,5.582805633544922,5.627378890299834,5.553090129041647,5.57909146115958,45000
2017-11-22,5.6201491355896,5.766160904788999,5.575337358543184,5.575337358543184,13200
2017-11-24,5.530525207519531,5.579071028937859,5.481979029968881,5.549196512927047,8800
2017-11-27,5.328872203826904,5.409159745395431,5.24671710430366,5.409159745395431,8800
2017-11-28,5.556665420532227,5.594008388155224,5.210120529951544,5.332606190264927,34000
2017-11-29,5.302732467651367,5.5529318483284476,5.246717829764061,5.5529318483284476,36800
2017-11-30,5.549196243286133,5.635085739743004,5.22431063035582,5.272856805547564,83600
2017-12-01,5.325138092041016,5.504385203226045,5.257920247280453,5.504385203226045,30800
2017-12-04,5.287793159484863,5.431190876097983,5.2243097378587455,5.235512946003762,41200
2017-12-05,5.22804594039917,5.302732239749828,5.116016313307,5.22804594039917,28200
2017-12-06,5.018922805786133,5.228044752587852,5.018922805786133,5.220575946283516,28800
2017-12-07,4.87328577041626,5.0413300336446065,4.72055199383848,5.018923965685722,100800
2017-12-08,4.690303325653076,4.977845611809444,4.686568922371648,4.906893730123784,24000
2017-12-11,4.925564765930176,4.996516999882781,4.671631410875918,4.72017758249289,30800
2017-12-12,5.302732467651367,5.3400757969978265,4.947972263389537,4.947972263389537,406800
2017-12-13,5.459573745727539,5.579071826861506,5.269870577540604,5.280326624026588,82800
2017-12-14,5.616415023803711,5.694835726745168,5.452105166090943,5.694835726745168,74400
2017-12-15,5.541727542877197,5.754583538548338,5.526790286271018,5.694834512123617,40600
2017-12-18,5.567867755889893,5.6350855899271295,5.523055985242499,5.586539416026047,14000
2017-12-19,5.3400750160217285,5.493182002912308,5.3400750160217285,5.4558386790272415,18800
2017-12-20,5.347542762756348,5.459572363523,5.3027309936761435,5.3400743126424555,26200
2017-12-21,5.235513687133789,5.392354705911473,5.231779283890148,5.302731164857855,45200
2017-12-22,5.2803263664245605,5.467042287153588,5.276591962538214,5.276591962538214,19200
2017-12-26,5.414761066436768,5.452104388658223,5.209373506483393,5.448369985209615,17200
2017-12-27,5.440901756286621,5.541728523315752,5.349410998870753,5.392355574694708,14200
2017-12-28,5.407292366027832,5.500650317287696,5.396089511593698,5.4334328345505725,43600
2017-12-29,5.470776081085205,5.489447743518288,5.399824191198298,5.414761449918297,12600
2018-01-02,5.463308334350586,5.508120116289598,5.452852287511388,5.508120116289598,7800
2018-01-03,5.347542762756348,5.489446876243136,5.317668250036212,5.489446876243136,19000
2018-01-04,5.470776081085205,5.489447743518288,5.303852223792533,5.366215270045217,34400
2018-01-05,5.429698944091797,5.900223148374066,5.418496088599082,5.470776318319987,49800
2018-01-08,5.343809604644775,5.590274553648556,5.33260639341199,5.5473296228542335,13800
2018-01-09,5.302732467651367,5.713507665932886,5.302732467651367,5.384887578534148,22400
2018-01-10,5.295263767242432,5.66869561867262,5.093610581715425,5.407293037765596,56000
2018-01-11,5.1682963371276855,5.325137726720984,5.157093482480258,5.325137726720984,45000
2018-01-12,5.239248275756836,5.427831385464513,5.239248275756836,5.278458801603151,24400
2018-01-16,5.22804594039917,5.310201047751077,5.1944370166582825,5.246717604269926,49200
2018-01-17,5.231780052185059,5.313934798815945,5.194436726529312,5.194436726529312,13200
2018-01-18,5.134687423706055,5.216842522202404,5.134687423706055,5.190702053148098,23600
2018-01-19,5.1682963371276855,5.175764788181861,5.128339002171012,5.142156224239579,9600
2018-01-22,5.00771951675415,5.1384207666498085,4.989047858750163,5.1384207666498085,34200
2018-01-23,5.101078033447266,5.224310491767911,5.007720088893304,5.007720088893304,64200
2018-01-24,5.07120418548584,5.134687624607944,5.0525325228971605,5.134687624607944,9800
2018-01-25,5.157093048095703,5.19070160920712,5.138421387834495,5.17203030507821,6000
2018-01-26,5.145890235900879,5.220576526584688,5.145890235900879,5.164561897604913,10600
2018-01-29,4.992784023284912,5.123485319298618,4.947972241942825,5.123485319298618,24400
2018-01-30,5.078673362731934,5.2280459620518975,5.003986706939583,5.2280459620518975,23000
2018-01-31,5.037595272064209,5.071204193550813,5.037595272064209,5.071204193550813,21800
2018-02-01,4.992784023284912,5.048799017061807,4.981581166982486,5.022658544179637,11200
2018-02-02,4.933034420013428,4.970377744947576,4.905027104378987,4.933034420013428,35000
2018-02-05,4.835941791534424,4.94050259695815,4.81727013010425,4.94050259695815,75600
2018-02-06,4.496118545532227,4.8956904298225465,4.24591922841615,4.835941402952849,114000
2018-02-07,4.589476108551025,5.235513209316501,4.41396308957327,4.41396308957327,39000
2018-02-08,4.529727935791016,4.627940328847037,4.49238461202683,4.627940328847037,50600
2018-02-09,4.160030364990234,4.481181583607829,3.879956516014745,4.481181583607829,110400
2018-02-12,4.148745536804199,4.272869357635193,4.077280447938095,4.231494870260949,49800
2018-02-13,4.144984722137451,4.212688400084451,4.107371288727118,4.107371288727118,30200
2018-02-14,4.137462615966797,4.185607733066718,4.126178727452498,4.133701200225914,31800
2018-02-15,4.197644233703613,4.235257677286401,4.1092531076049585,4.160031148829208,22600
2018-02-16,4.2014055252075195,4.235257551686443,4.163792082740188,4.193882693230704,21200
2018-02-20,4.054712772369385,4.235256760284317,4.032144998072709,4.160030248114889,43400
2018-02-21,4.126178741455078,4.160030765821204,4.039667972662939,4.084803885581658,16800
2018-02-22,4.062235355377197,4.137461862962125,4.054712525264563,4.088564543354851,16200
2018-02-23,4.163791656494141,4.217202610195074,4.032145338751818,4.039667811250188,29800
2018-02-26,4.171314239501953,4.205166260501215,4.171314239501953,4.197643429742128,3200
2018-02-27,4.197644233703613,4.235257677286401,4.152508316629297,4.175076454520647,24000
2018-02-28,4.190120697021484,4.2427790742259255,4.144984791399838,4.1938817534587365,3600
2018-03-01,4.118654727935791,4.171313457249284,4.118654727935791,4.163790627900965,28000
2018-03-02,4.24277925491333,4.24277925491333,4.118655419490664,4.118655419490664,17400
2018-03-05,4.171314239501953,4.250302168930792,4.133700803123149,4.205166260501215,16800
2018-03-06,4.261587142944336,4.3292912022054635,4.171315303068436,4.205167332699,20200
2018-03-07,4.216449737548828,4.250301755253307,4.205165851216761,4.216449737548828,6200
2018-03-08,4.284153461456299,4.419561163720421,4.223971901741769,4.280392046716343,6000
2018-03-09,4.321768283843994,4.415801538194168,4.254064584633579,4.254064584633579,44000
2018-03-12,4.318006992340088,4.438369805307663,4.318006992340088,4.4007563589974685,33400
2018-03-13,4.325529098510742,4.419562339782715,4.280393185745197,4.280393185745197,29400
2018-03-14,4.344335556030273,4.419562072761138,4.325528837170475,4.336812725003024,16200
2018-03-15,4.2916765213012695,4.32928995644712,4.22397248152206,4.32928995644712,4200
2018-03-16,4.156269073486328,4.502311408210605,4.156269073486328,4.3556194319552075,56400
2018-03-19,4.175075531005859,4.1901208333693205,4.156268813374457,4.160030228642399,4800
2018-03-20,4.381948471069336,4.581299181331846,4.163791401359087,4.163791401359087,18800
2018-03-21,4.205166339874268,4.521118063553251,4.205166339874268,4.306722046080615,31800
2018-03-22,4.239018440246582,4.295438238219329,4.193882171418393,4.193882171418393,12600
2018-03-23,4.434608459472656,4.438369875905187,4.193883188416894,4.2352580517579055,15200
2018-03-26,4.325529098510742,4.378187842758052,4.265347881490015,4.378187842758052,21800
2018-03-27,4.440249919891357,4.464698405628658,4.201405392781319,4.201405392781319,131000
2018-03-28,4.5135955810546875,4.59446422594192,4.445891532552196,4.453414364033961,30000
2018-03-29,4.60762882232666,4.626435542322724,4.5135955810546875,4.5211184125364525,20600
2018-04-02,4.517355918884277,4.619287893664541,4.513594504040927,4.619287893664541,14800
2018-04-03,4.671572208404541,4.671572208404541,4.570016119274334,4.606125142276224,16400
2018-04-04,4.528639793395996,4.818262278861936,4.521117322436345,4.626434426829295,30600
2018-04-05,4.712194442749023,4.712194442749023,4.509834837208016,4.51359625350929,1200
2018-04-06,4.521118640899658,4.675333106981782,4.513595809037913,4.675333106981782,13200
2018-04-09,4.5135955810546875,4.547447605305933,4.5135955810546875,4.547447605305933,10200
2018-04-10,4.528639793395996,4.566253224319038,4.52487837856204,4.539923679189604,4000
2018-04-11,4.611391067504883,4.664049462515355,4.611391067504883,4.649004155554018,3600
2018-04-12,4.7242302894592285,4.7768886760027485,4.645242350935593,4.645242350935593,21200
2018-04-13,4.829546928405762,4.8333083438345525,4.724229807357839,4.724229807357839,37200
2018-04-16,4.829546928405762,4.829546928405762,4.829546928405762,4.829546928405762,400
2018-04-17,5.062749862670898,5.0777951673368955,4.803218267505357,4.803218267505357,20000
2018-04-18,5.2771453857421875,5.333565545580673,4.980000358459544,4.980000358459544,29800
2018-04-19,5.250816822052002,5.5141098567138025,5.22824868367144,5.22824868367144,19000
2018-04-20,5.247054100036621,5.416313840287808,5.247054100036621,5.416313840287808,4200
2018-04-23,5.171827793121338,5.2809063285915645,5.171827793121338,5.2809063285915645,2000
2018-04-24,5.247054100036621,5.2809061198285185,5.11540779482272,5.201918193216858,27400
2018-04-25,5.250816822052002,5.2583392957065955,5.1605449859465375,5.183112765618708,12000
2018-04-26,5.232009410858154,5.4539279144246295,5.232009410858154,5.254577546266755,10000
2018-04-27,5.262099742889404,5.307235652630505,5.190634642143077,5.288429292602956,19200
2018-04-30,5.0514655113220215,5.5554837095461345,5.047704095822839,5.2809064761473055,14600
2018-05-01,5.149260520935059,5.361775863046461,5.119169910164866,5.361775863046461,4000
2018-05-02,5.077795028686523,5.258338679748704,4.99504567592885,5.164305438476731,15800
2018-05-03,5.1454997062683105,5.213203404339783,5.0589889271931066,5.1605450123629035,4200
2018-05-04,5.096601963043213,5.119169741021001,5.077795242256147,5.119169741021001,1400
2018-05-07,5.043942451477051,5.153020985046124,4.991284071710932,5.153020985046124,11800
2018-05-08,5.002567291259766,5.107884395442886,5.002567291259766,5.064629201063351,5200
2018-05-09,4.897251129150391,4.946148096467564,4.810740365041169,4.91605748948392,44600
2018-05-10,5.03265905380249,5.03265905380249,4.822024438121477,4.85211504626043,36400
2018-05-11,5.0213751792907715,5.0213751792907715,5.010090932176253,5.017613763585932,2400
2018-05-14,4.934864521026611,5.028897763482244,4.912296743713937,5.025136347694014,10200
2018-05-15,5.040181636810303,5.149260183378772,4.87092187264659,4.893490008598982,28200
2018-05-16,4.912296295166016,5.133086288115895,4.893489576650484,5.002568113590586,14600
2018-05-17,4.878443717956543,4.904772905654572,4.852114171550235,4.859637001582974,6800
2018-05-18,5.047705173492432,5.047705173492432,4.874683969382095,4.91229741498763,4000
2018-05-21,4.983762264251709,5.156783459094821,4.983762264251709,4.987523680352477,3200
2018-05-22,4.980000019073486,5.0367961013894105,4.949909412693636,5.0367961013894105,3000
2018-05-23,4.968716144561768,5.079675390397946,4.968716144561768,4.976238616822559,3800
2018-05-24,4.972477912902832,5.141737675927351,4.964955081399882,5.141737675927351,4000
2018-05-25,4.972477912902832,4.972477912902832,4.972477912902832,4.972477912902832,0
2018-05-29,5.12293004989624,5.156782068256138,4.964954203355575,5.156782068256138,3800
2018-05-30,5.186873912811279,5.277145744235288,5.111647386624605,5.111647386624605,15400
2018-05-31,5.190634250640869,5.219220432266625,5.190634250640869,5.198156722342843,3400
2018-06-01,5.288430213928223,5.322281883100283,5.183112714142749,5.322281883100283,3000
2018-06-04,5.250816822052002,5.329804768321381,5.243293989689018,5.315135388696919,2800
2018-06-05,5.17935037612915,5.18311143263499,5.035291330060702,5.18311143263499,17400
2018-06-06,5.205679416656494,5.389984452390129,5.205679416656494,5.337325717019825,7200
2018-06-07,5.21132230758667,5.233890444399657,5.205680542414697,5.2094419583349225,1800
2018-06-08,5.186873912811279,5.2395326604961365,5.186873912811279,5.2226066472655885,2600
2018-06-11,5.220725059509277,5.318519706426413,5.160543848701289,5.160543848701289,2600
2018-06-12,5.186873912811279,5.265861854984379,5.1191698598890865,5.23577124450971,4400
2018-06-13,5.164303779602051,5.273382648799302,5.074031983068014,5.186871908089676,39400
2018-06-14,5.239531517028809,5.247053988651597,5.168066063716701,5.247053988651597,11600
2018-06-15,5.220725059509277,5.22824753150612,5.156782433348712,5.156782433348712,7000
2018-06-18,5.188753128051758,5.367416390215288,5.160543233686008,5.2658603400486665,16000
2018-06-19,5.190634250640869,5.288428893724614,5.116535877674544,5.208688397950586,6800
2018-06-20,5.216965675354004,5.2621016010334225,5.216965675354004,5.2621016010334225,2400
2018-06-21,5.209442138671875,5.277898045506238,5.017614224600193,5.20041488363418,6800
2018-06-22,5.141737461090088,5.194396203285445,5.055226695962596,5.149259933570376,7200
2018-06-25,4.867160797119141,5.250816624171637,4.799457101945694,5.250816624171637,7200
2018-06-26,5.0213751792907715,5.145499027883726,4.814501978733066,5.145499027883726,23000
2018-06-27,4.923581123352051,5.124812224880627,4.884086971053967,4.991285179458259,58000
2018-06-28,4.964954853057861,5.00256829142604,4.885966919451354,5.00256829142604,26400
2018-06-29,4.9950456619262695,5.096601734395315,4.878444643952565,4.934864445074248,27200
2018-07-02,4.893489360809326,5.002567892938211,4.848353453587888,4.949909155159048,10800
2018-07-03,5.115407943725586,5.115407943725586,5.115407943725586,5.115407943725586,1400
2018-07-05,4.889729022979736,4.980000857313965,4.814502494367878,4.9762394412062765,17400
2018-07-06,4.938625812530518,4.938625812530518,4.889728484639125,4.889728484639125,1600
2018-07-09,4.889729022979736,4.93862635625454,4.852115579319616,4.931856094227406,38400
2018-07-10,4.8408308029174805,4.889728127234827,4.8408308029174805,4.889728127234827,2600
2018-07-11,4.859637260437012,4.859637260437012,4.8370691278449565,4.838949835453319,4800
2018-07-12,4.8408308029174805,4.863398936720993,4.761842872667662,4.863398936720993,20200
2018-07-13,4.7956953048706055,4.85211510615045,4.758081864878477,4.7881724733888404,10600
2018-07-16,4.7956953048706055,4.7956953048706055,4.758081864878477,4.780650000615424,15400
2018-07-17,4.776888370513916,4.848353831550312,4.7580816513617945,4.780649786086006,5200
2018-07-18,4.701662540435791,4.848354540832406,4.675333344996034,4.75432129002369,55000
2018-07-19,4.660287380218506,4.750559202139809,4.649003133447093,4.750559202139809,10800
2018-07-20,4.690377235412598,4.743035610401963,4.607627899232954,4.652763802955957,20200
2018-07-23,4.671572208404541,4.743037325463703,4.611390981679266,4.743037325463703,2000
2018-07-24,4.60762882232666,4.682855343602569,4.60762882232666,4.633958015096141,12000
2018-07-25,4.662168502807617,4.664048852061813,4.607629048018404,4.630197184860787,162000
2018-07-26,4.750559329986572,4.758081802661625,4.615151593460533,4.615151593460533,17800
2018-07-27,4.878443717956543,4.878443717956543,4.7016611579782435,4.739274590725381,15000
2018-07-30,4.9499101638793945,4.9499101638793945,4.848354441612641,4.852115498949649,7800
2018-07-31,5.0213751792907715,5.1003631155506834,4.8633993067709484,5.0665110916238145,15200
2018-08-01,4.957432746887207,5.096601905198592,4.91605788988358,5.042062451405942,5000
2018-08-02,5.085318088531494,5.156783197275759,5.013852621078865,5.0966019775525115,5400
2018-08-03,5.0890793800354,5.190635462025321,5.062750184871368,5.190635462025321,13000
2018-08-06,5.077795028686523,5.149260134221549,4.882205714660813,5.10036316442347,48800
2018-08-07,5.040181636810303,5.081556492938297,4.9574326419710175,5.051465884140675,32000
2018-08-08,5.1774702072143555,5.190634803125255,5.043942822885936,5.077794845918728,66400
2018-08-09,5.074033260345459,5.318519885887951,4.9837614410874576,5.1266920009334545,23000
2018-08-10,5.107885837554932,5.126692558288695,4.931103236590946,5.126692558288695,4400
2018-08-13,5.074033260345459,5.074033260345459,4.8859667908704605,5.0100906320272935,10200
2018-08-14,4.9950456619262695,5.077795014451972,4.874683228222227,4.980000357713264,19200
2018-08-15,5.013852596282959,5.100363368238563,4.942387487892123,4.942387487892123,6200
2018-08-16,4.882205963134766,5.137976507198334,4.882205963134766,4.995045930145656,10200
2018-08-17,4.923581123352051,4.949910319078515,4.885967679135627,4.885967679135627,25000
2018-08-20,4.889729022979736,4.889729022979736,4.889729022979736,4.889729022979736,3800
2018-08-21,4.946147918701172,5.0401811518225506,4.899131302140483,4.90477342526276,7200
2018-08-22,5.013852596282959,5.247055000911426,4.98752340246134,5.004449415263341,5000
2018-08-23,5.0063300132751465,5.096601840431305,5.0063300132751465,5.051465926853226,4200
2018-08-24,5.043942451477051,5.1078850772287465,5.0401810361485255,5.0401810361485255,4400
2018-08-27,5.017612934112549,5.074032725524878,5.017612934112549,5.055226008818007,5600
2018-08-28,5.09283971786499,5.09283971786499,4.995045072663072,4.995045072663072,1400
2018-08-29,4.991284370422363,5.0213749774347685,4.927341740843918,5.010090730773869,10000
2018-08-30,4.96307373046875,5.00256787332536,4.96307373046875,4.998806458061244,3000
2018-08-31,5.0213751792907715,5.0213751792907715,4.9085352191039915,4.9875231553639034,10600
2018-09-04,4.998807430267334,4.998807430267334,4.9532952293615615,4.9532952293615615,1000
2018-09-05,5.111647605895996,5.111647605895996,4.926214022569512,4.926214022569512,5400
2018-09-06,5.111647605895996,5.111647605895996,5.062750272100044,5.062750272100044,1000
2018-09-07,5.070271968841553,5.100362934704979,4.972477674941666,4.972477674941666,4800
2018-09-10,5.077795028686523,5.077795028686523,5.070272197204758,5.077795028686523,4200
2018-09-11,4.923581123352051,5.228248658413211,4.923581123352051,5.209442295013387,24800
2018-09-12,5.058987617492676,5.077794334919221,5.000687116307853,5.074032919692253,3200
2018-09-13,5.1755900382995605,5.1755900382995605,5.036420874780791,5.074033958627058,19200
2018-09-14,5.058987617492676,5.22824735691499,4.889727878070362,5.141736958944498,27200
2018-09-17,5.190634250640869,5.24329262867958,5.111646324874506,5.134214098688726,19400
2018-09-18,5.1755900382995605,5.1763422497573135,4.890105164350807,5.137976595744921,59400
2018-09-19,4.938625812530518,5.111646988643005,4.761843220724459,4.889728484639125,174000
2018-09-20,4.974358081817627,4.991284092157017,4.9047733327881,4.991284092157017,5800
2018-09-21,4.532402515411377,4.953671413188785,4.532402515411377,4.9273422191740615,74200
2018-09-24,4.825785160064697,4.9010116695975725,4.697899914504662,4.712945216411238,21200
2018-09-25,4.801713943481445,4.829547921184504,4.6828559176819935,4.829547921184504,25800
2018-09-26,4.769366264343262,4.799456873814143,4.727991407289531,4.7467981278859215,9000
2018-09-27,4.788172245025635,4.8032179072715895,4.706175466293504,4.8032179072715895,5600
2018-09-28,4.897251129150391,4.9950454224930665,4.77312692695745,4.791933645999309,15600
2018-10-01,4.908535003662109,4.980000105375646,4.803217879507512,4.908535003662109,10400
2018-10-02,4.885966777801514,4.934864102779223,4.867160059162654,4.934864102779223,2200
2018-10-03,4.859637260437012,4.942386601663483,4.799456051802595,4.88972786475422,2800
2018-10-04,4.904773712158203,4.942387151090208,4.848353912468534,4.848353912468534,4600
2018-10-05,5.013852596282959,5.081556647490965,4.8746834366841165,4.8746834366841165,11400
2018-10-08,4.964954853057861,5.21696395748299,4.942387077003621,4.980000156663467,16000
2018-10-09,4.904773712158203,5.055226750469547,4.904773712158203,4.9762388156790065,17000
2018-10-10,4.912296295166016,4.9931645749786595,4.908534879721246,4.908534879721246,19400
2018-10-11,4.948028564453125,5.028897201318266,4.90853477921665,4.942386800109808,9400
2018-10-12,4.934864521026611,5.0740336768159455,4.934864521026611,5.058988372371378,11200
2018-10-15,4.912296295166016,5.006329529035356,4.701661693467032,4.991284225964595,42800
2018-10-16,4.938625812530518,4.964955004968828,4.848353988134875,4.882205653251983,36600
2018-10-17,5.2244873046875,5.2244873046875,4.927342260095124,4.957432870278526,14200
2018-10-18,5.0890793800354,5.104124685658902,4.972478351130359,5.066511600954339,12800
2018-10-19,5.201918601989746,5.258338400270909,4.897251117338139,5.0589880398080265,108200
2018-10-22,5.070271968841553,5.201918644176335,5.0025682820967585,5.175589452592712,28200
2018-10-23,5.186873912811279,5.231633902149664,5.051466165675266,5.085318192136362,5600
2018-10-24,4.919819355010986,5.25081642081308,4.885967329381128,5.141737870843737,35800
2018-10-25,4.897251129150391,4.938625624075818,4.862646895248368,4.908535017092174,5400
2018-10-26,4.859637260437012,4.92734129950488,4.7956946365858695,4.901011751696099,2200
2018-10-29,4.790053367614746,4.882205904601442,4.735514272083518,4.870922015648147,26000
2018-10-30,4.791934490203857,4.859638547198776,4.778769892167821,4.825786518701317,4000
2018-10-31,4.825785160064697,4.9010116695975725,4.7618425372846795,4.7618425372846795,4800
2018-11-01,4.912296295166016,4.919818767347237,4.8148775721713895,4.8148775721713895,5400
2018-11-02,4.927341938018799,4.983761738747699,4.829547281960917,4.976238907339395,5600
2018-11-05,4.833309173583984,4.96495550781695,4.795695730255491,4.96495550781695,10200
2018-11-06,4.765604496002197,4.924332574768957,4.765604496002197,4.924332574768957,7200
2018-11-07,4.690377235412598,4.790052221618626,4.690377235412598,4.7656037416176025,12400
2018-11-08,4.66404914855957,4.7467985106309385,4.6076293409295035,4.705424008949449,30600
2018-11-09,4.980000019073486,4.983761434548048,4.528640564667403,4.829546987174233,67600
2018-11-12,4.799456596374512,4.972477770184512,4.5700152640367895,4.972477770184512,14200
2018-11-13,4.743037223815918,4.773127836533685,4.686617414647204,4.773127836533685,2600
2018-11-14,4.705422878265381,4.791933277004688,4.677212981229012,4.791933277004688,12800
2018-11-15,4.705422878265381,4.705422878265381,4.705422878265381,4.705422878265381,200
2018-11-16,4.776888370513916,4.776888370513916,4.735513875345915,4.735513875345915,600
2018-11-19,4.889729022979736,4.9762394412062765,4.791934356430129,4.806979662152501,46400
2018-11-20,4.769366264343262,4.923580727558615,4.769366264343262,4.810740762688633,3400
2018-11-21,4.765604496002197,4.7919336876647325,4.626435347815701,4.709184697094384,11600
2018-11-23,4.765604496002197,4.765604496002197,4.765604496002197,4.765604496002197,200
2018-11-26,4.468459606170654,4.701661998238271,4.44589147074744,4.701661998238271,10600
2018-11-27,4.509833812713623,4.626435180606095,4.438368712766078,4.4985499250815515,13600
2018-11-28,4.630197048187256,4.641480936921188,4.438369146168628,4.62643563237316,21800
2018-11-29,4.506072998046875,4.679094185876376,4.430846472622824,4.679094185876376,10600
2018-11-30,4.5549702644348145,4.641481036472747,4.423323936493074,4.423323936493074,24200
2018-12-03,4.60386848449707,4.660288657695011,4.566255394406876,4.611391317740169,5400
2018-12-04,4.626434326171875,4.645241041224217,4.566253124970981,4.645241041224217,1800
2018-12-06,4.611391067504883,4.632454425509072,4.588822927708671,4.600106818252571,5000
2018-12-07,4.60762882232666,4.655773939426581,4.60762882232666,4.655773939426581,1800
2018-12-10,4.7392754554748535,4.791933840479197,4.660287519259994,4.660287519259994,2600
2018-12-11,4.770870685577393,4.7919340404581545,4.72423034852594,4.72423034852594,6600
2018-12-12,4.7392754554748535,4.791933840479197,4.731752624069465,4.791933840479197,6600
2018-12-13,4.735514163970947,4.791933966157712,4.592583591895009,4.791933966157712,7000
2018-12-14,4.720468997955322,4.769366328682221,4.607629031563124,4.6301971683249095,8400
2018-12-17,4.720468997955322,4.720468997955322,4.4947890651709255,4.64148105735162,6200
2018-12-18,4.588446140289307,4.664048587326204,4.419562305404203,4.664048587326204,8000
2018-12-19,4.434608459472656,4.5794197637493665,4.35938192436411,4.5794197637493665,8000
2018-12-20,4.453413963317871,4.494788456619676,4.363142145909396,4.494788456619676,17600
2018-12-21,4.133701801300049,4.457176427884841,3.9305899849667987,4.419562982423409,155600
2018-12-24,4.193882465362549,4.257825098857764,3.9569190103018714,4.141224079219444,14800
2018-12-26,4.216449737548828,4.216449737548828,4.013337990030231,4.04719000773471,32000
2018-12-27,4.1412248611450195,4.23149670475647,4.065998324802144,4.069759382587972,7400
2018-12-28,4.3781890869140625,4.588823406342851,4.137463791715569,4.381950145015382,23600
2018-12-31,4.434608459472656,4.551209857922213,4.434608459472656,4.551209857922213,4000
2019-01-02,4.573777198791504,4.758082281741836,4.513595976498202,4.758082281741836,8000
2019-01-03,4.6339569091796875,4.911919224568579,4.607627722693795,4.682854226016532,12200
2019-01-04,4.645243167877197,5.098483450467533,4.517357877423615,4.916058697264105,22400
2019-01-07,4.720468997955322,5.1071336577097854,4.513595786021019,4.543686395897824,16200
2019-01-08,4.457176208496094,4.641481293026861,4.39925162012331,4.641481293026861,15600
2019-01-09,4.532402515411377,4.85850967095219,4.475982352754785,4.85850967095219,17000
2019-01-10,4.5135955810546875,4.5135955810546875,4.457175779774843,4.509834165313805,2400
2019-01-11,4.3781890869140625,4.430847487417034,4.276632985300988,4.430847487417034,12600
2019-01-14,4.363142490386963,4.459056079763312,4.299199858330501,4.427461048788358,9800
2019-01-15,4.40451717376709,4.521118554435644,4.40451717376709,4.521118554435644,1600
2019-01-16,4.49478816986084,4.49478816986084,4.404516358211533,4.472220396302659,4200
2019-01-17,4.7956953048706055,4.946148347422422,4.509834165313805,4.543686189565051,24400
2019-01-18,4.957432746887207,5.013852549899696,4.889728696305532,4.904774001022754,22600
2019-01-22,4.897251129150391,5.1116467935859315,4.7900529382242905,5.1116467935859315,8200
2019-01-23,5.0213751792907715,5.0665110916238145,4.9085352191039915,5.0665110916238145,7800
2019-01-24,5.0213751792907715,5.0213751792907715,5.0213751792907715,5.0213751792907715,200
2019-01-25,4.980000019073486,5.111646691016575,4.908534918598422,5.111646691016575,7000
2019-01-28,4.9499101638793945,5.100363577319397,4.852115498949649,5.002568912389652,102800
2019-01-29,4.870921611785889,5.051465613610995,4.799456509395915,5.0025682872564525,43200
2019-01-30,4.927341938018799,5.096601698913845,4.870921778581554,4.908535218206384,20800
2019-01-31,4.878443717956543,5.021374260204075,4.878443717956543,4.961192696066999,35800
2019-02-01,4.870921611785889,4.939001583641381,4.70166185668683,4.908535050122716,15800
2019-02-04,4.976238250732422,4.976238250732422,4.701661397309528,4.844591946832733,33000
2019-02-05,4.893489360809326,4.964954457566194,4.893489360809326,4.916433420077101,2600
2019-02-06,4.893489360809326,5.02137461062422,4.8145014334947325,4.964954457566194,19000
2019-02-07,4.938625812530518,5.002568444487851,4.893489900332696,5.002568444487851,17200
2019-02-08,4.946147918701172,4.98376135543305,4.795694889190293,4.946147918701172,23000
2019-02-11,4.859637260437012,4.957431903822088,4.778768626818903,4.957431903822088,15400
2019-02-12,4.878443717956543,4.9198182070117715,4.745668565803274,4.852114171550235,11400
2019-02-13,4.859637260437012,4.901011751696099,4.818262769177925,4.901011751696099,20000
2019-02-14,4.8107404708862305,4.885966990000459,4.8107404708862305,4.852114966721972,23600
2019-02-15,4.77312707901001,4.870921734176358,4.772374867617706,4.788172382981114,18000
2019-02-19,4.769366264343262,4.889728702226785,4.769366264343262,4.889728702226785,14000
2019-02-20,4.761843204498291,4.791933812527637,4.739275427830453,4.767109042968009,6400
2019-02-21,4.7543206214904785,4.7543206214904785,4.735513902231582,4.74303637471014,1400
2019-02-22,4.746797561645508,4.780649582939167,4.743036146233253,4.776888167526912,4000
2019-02-25,4.735514163970947,4.754320884269321,4.656526225684464,4.738899294708816,27600
2019-02-26,4.682854175567627,4.739274321483055,4.682854175567627,4.739274321483055,1000
2019-02-27,4.712947368621826,4.773128603730439,4.6678114422903665,4.6866181679389225,12800
2019-02-28,4.7956953048706055,4.7956953048706055,4.726110548497672,4.726110548497672,1800
2019-03-01,4.7347612380981445,4.889727886904593,4.7204681471764784,4.735513449403237,15400
2019-03-04,4.756200313568115,4.791932677949959,4.682854159992828,4.722348297873099,5800
2019-03-05,4.791934490203857,4.791934490203857,4.6779663768846955,4.6779663768846955,2400
2019-03-06,4.7392754554748535,4.7392754554748535,4.645242215157562,4.735514039772159,6400
2019-03-07,4.7392754554748535,4.7392754554748535,4.7392754554748535,4.7392754554748535,200
2019-03-08,4.7392754554748535,4.7392754554748535,4.7392754554748535,4.7392754554748535,200
2019-03-11,4.626434326171875,4.626434326171875,4.5248782801141765,4.618911496667636,3400
2019-03-12,4.5888214111328125,4.622673430285049,4.575656816731008,4.575656816731008,11800
2019-03-13,4.568134307861328,4.568510234150719,4.551208298423153,4.5553456398562036,2000
2019-03-14,4.532402515411377,4.570015598474074,4.447772450780671,4.5549702935073215,8200
2019-03-15,4.705422878265381,4.735513482931949,4.517356419745181,4.521117835005578,15600
2019-03-18,4.573777198791504,4.739275918806464,4.524879866001101,4.705423891589387,32800
2019-03-19,4.5670061111450195,4.5670061111450195,4.5670061111450195,4.5670061111450195,2000
2019-03-20,4.624554634094238,4.7016618598999305,4.547447408288546,4.5775380154952385,8800
2019-03-21,4.645243167877197,4.645243167877197,4.539925658851649,4.5425585786418665,5000
2019-03-22,4.645243167877197,4.645243167877197,4.645243167877197,4.645243167877197,200
2019-03-25,4.550456523895264,4.635838797298929,4.524879542122181,4.524879542122181,5800
2019-03-26,4.299200534820557,4.6226748029934175,4.137463221379926,4.524880131670785,54200
2019-03-27,4.333050727844238,4.4744764768645515,4.160029597557926,4.160029597557926,41800
2019-03-28,4.464698314666748,4.512467147373862,4.333051990279366,4.348097294743877,9800
2019-03-29,4.475981712341309,4.62267368381005,4.201404846306847,4.62267368381005,54800
2019-04-01,4.285282135009766,4.509833529419786,4.246540562724678,4.509833529419786,24600
2019-04-02,4.295438766479492,4.318006544960682,4.22397329763619,4.257825324066347,7400
2019-04-03,4.163791656494141,4.2803930292397245,4.081042665470395,4.2803930292397245,20800
2019-04-04,4.148745536804199,4.359380105955491,4.052455683771896,4.359380105955491,31000
2019-04-05,4.239018440246582,4.239018440246582,4.160030507859741,4.216450305832487,3000
2019-04-08,4.18259859085083,4.240899100866974,4.1299398458214505,4.133701261618196,28000
2019-04-09,4.167553424835205,4.182598729813701,4.099849373077793,4.148746703934995,5800
2019-04-10,4.175075531005859,4.340573857003928,4.126178208647536,4.208927192292419,22800
2019-04-11,4.164168834686279,4.255945099359296,4.137463352107908,4.233753244731383,9800
2019-04-12,4.197644233703613,4.197644233703613,4.0735203720721485,4.195763525653636,8000
2019-04-15,4.137462615966797,4.137462615966797,4.073519983205188,4.084803871719487,11000
2019-04-16,4.175075531005859,4.287915119377664,4.167552700469978,4.1901208333693205,4800
2019-04-17,4.099849224090576,4.231495906899685,4.088565335443849,4.231495906899685,11200
2019-04-18,4.207046985626221,4.227734052882814,4.0622357212884905,4.103610214509993,13800
2019-04-22,4.261587142944336,4.306723062882286,4.261587142944336,4.306723062882286,2800
2019-04-23,4.2183308601379395,4.24277934271452,4.163791413201108,4.24277934271452,7200
2019-04-24,4.156269073486328,4.36314226296189,4.129939523671261,4.141223770181287,23000
2019-04-25,4.19237756729126,4.235632767779287,4.19237756729126,4.197643405308644,5600
2019-04-26,4.193882465362549,4.340574452564812,4.13370124765137,4.156269383647238,43200
2019-04-29,4.190120697021484,4.239018017788673,4.144984791399838,4.1562686781281775,5000
2019-04-30,4.235257148742676,4.239018564373221,4.235257148742676,4.239018564373221,1000
2019-05-01,4.163791656494141,4.257824894327944,4.152507768392418,4.152507768392418,10200
2019-05-02,4.163791656494141,4.163791656494141,4.163791656494141,4.163791656494141,0
2019-05-03,4.16868257522583,4.16868257522583,4.156270187703936,4.16341673559281,1400
2019-05-06,4.118654727935791,4.229238023623302,4.081041657318936,4.129938613250022,8600
2019-05-07,4.1412248611450195,4.219460602424978,4.137463444650771,4.212689980993646,2400
2019-05-08,4.156269073486328,4.2314955900115345,4.113766082681878,4.2314955900115345,2000
2019-05-09,4.355618953704834,4.517356215506394,4.1938816919032735,4.212688408646665,48200
2019-05-10,4.5888214111328125,4.5888214111328125,4.294685631700711,4.5135949011880045,18200
2019-05-13,4.645243167877197,4.682856256493392,4.40827931063234,4.40827931063234,15600
2019-05-14,4.701662540435791,4.7054239565581515,4.600106457382353,4.679094402410009,28000
2019-05-15,4.776888370513916,4.776888370513916,4.682855133461641,4.735513875345915,5400
2019-05-16,4.712947368621826,4.727992677398979,4.712947368621826,4.727992677398979,3000
2019-05-17,4.878443717956543,4.878443717956543,4.75055847706621,4.75055847706621,59800
2019-05-20,4.780649185180664,4.852114278525898,4.776887770081365,4.852114278525898,31800
2019-05-21,5.013852596282959,5.058988510852176,4.791934080619705,4.885967325649331,68200
2019-05-22,5.077795028686523,5.224487014205806,5.058988308690459,5.074033612945641,49200
2019-05-23,4.980000019073486,5.205679925630689,4.897251030883058,5.141737297396426,24000
2019-05-24,4.889729022979736,4.987523689529342,4.705423938203589,4.983762273421654,5200
2019-05-28,4.667809009552002,4.87092075154134,4.622673106744179,4.87092075154134,27800
2019-05-29,4.7388997077941895,4.780650494186779,4.664049105139518,4.780650494186779,6600
2019-05-30,4.793814659118652,5.214331331014657,4.61515171361179,4.758081926533939,110600
2019-05-31,4.7392754554748535,4.976238905411086,4.697900600161904,4.7994566718845855,16600
2019-06-03,5.115407943725586,5.122930415727032,4.758081376594955,4.758081376594955,30400
2019-06-04,4.983762264251709,5.216964681873575,4.983762264251709,5.153022042994053,13400
2019-06-05,5.081556797027588,5.1342151862204215,5.0251366331245,5.062750075726559,14600
2019-06-06,4.844592094421387,5.0905831324003,4.837069263776528,5.0905831324003,16600
2019-06-07,4.885966777801514,4.919818799609798,4.668185987520979,4.810740261954395,9600
2019-06-10,4.889729022979736,4.889729022979736,4.889729022979736,4.889729022979736,800
2019-06-11,4.889729022979736,4.914177510262946,4.84835452192031,4.912297160917485,6400
2019-06-12,4.592582702636719,4.889727677948324,4.494788062987764,4.889727677948324,31000
2019-06-13,4.5888214111328125,4.697899940229857,4.539924089991613,4.585059995958498,4200
2019-06-14,4.667057514190674,4.690377859766381,4.539924468620679,4.539924468620679,2000
2019-06-17,4.761843204498291,4.77312709283221,4.761843204498291,4.77312709283221,2200
2019-06-18,4.848354816436768,4.848354816436768,4.600106718875071,4.724230947010122,10800
2019-06-19,4.7956953048706055,4.7956953048706055,4.7956953048706055,4.7956953048706055,1000
2019-06-20,4.8107404708862305,4.885966990000459,4.649003185759386,4.776888447607743,5400
2019-06-21,4.626434326171875,4.867159130975449,4.626434326171875,4.814500759278794,27400
2019-06-24,4.885966777801514,4.995045315456918,4.769365767915559,4.773126824676674,64400
2019-06-25,5.0247602462768555,5.1605442666093895,4.9649549569360225,5.040181476537956,62000
2019-06-26,4.927341938018799,5.036420482480792,4.8897284983939695,5.036420482480792,7800
2019-06-27,4.964954853057861,5.021375010610129,4.889728335029838,4.889728335029838,11800
2019-06-28,4.908535003662109,5.077794757159079,4.891608992441579,5.077794757159079,20800
2019-07-01,4.889729022979736,4.889729022979736,4.825786383982561,4.8445931058126215,3400
2019-07-02,4.825785160064697,4.904773084751289,4.780649254344971,4.825785160064697,5400
2019-07-03,4.931103706359863,5.115409156658831,4.814502672377419,4.908535926296085,12000
2019-07-05,4.818264007568359,4.953671761798304,4.818264007568359,4.953671761798304,9400
2019-07-08,4.701662540435791,4.828795607446191,4.6640490966289505,4.814502513147927,9400
2019-07-09,4.671572208404541,4.7016628217671785,4.630197704708015,4.7016628217671785,5000
2019-07-10,4.66404914855957,4.701662592785207,4.554970590755289,4.697901176620966,9200
2019-07-11,4.694138526916504,4.694138526916504,4.694138526916504,4.694138526916504,600
2019-07-12,4.438369274139404,4.701662290675563,4.374426638289548,4.701662290675563,19000
2019-07-15,4.532402515411377,4.588822319359604,4.532402515411377,4.588822319359604,1400
2019-07-16,4.60386848449707,4.60386848449707,4.530898580356118,4.530898580356118,3800
2019-07-17,4.63771915435791,4.641480569874554,4.607628547641408,4.626435266516304,3000
2019-07-18,4.60386848449707,4.60386848449707,4.513596637830484,4.600107067875521,1000
2019-07-19,4.544062614440918,4.553465795374106,4.544062614440918,4.553465795374106,600
2019-07-22,4.551208972930908,4.551208972930908,4.551208972930908,4.551208972930908,1800
2019-07-23,4.556850433349609,4.5824274127334865,4.542181415286915,4.566629898294179,2400
2019-07-24,4.547447204589844,4.547447204589844,4.547447204589844,4.547447204589844,200
2019-07-25,4.536163330078125,4.547447217630459,4.472220702767704,4.532401914657908,6200
2019-07-26,4.551208972930908,4.588822053817038,4.498550229240313,4.536163668834787,13000
2019-07-29,4.539925575256348,4.622674942621751,4.537668940638464,4.622674942621751,4400
2019-07-30,4.66404914855957,4.701662592785207,4.615152173257986,4.615152173257986,6400
2019-07-31,4.769366264343262,5.070272359052068,4.671195319139281,4.694139381957701,77200
2019-08-01,5.017612934112549,5.247053873553183,4.795694466129692,4.803217296295755,34800
2019-08-02,5.126691818237305,5.247054239625373,5.058987776852361,5.134214290219903,8200
2019-08-05,5.077417850494385,5.205679378513401,5.077417850494385,5.1831112467462646,13600
2019-08-06,5.074033260345459,5.228247707921626,5.0721525526057105,5.19063462925162,10400
2019-08-07,5.333565711975098,5.453928149452196,5.171828417583979,5.228248220474279,51800
2019-08-08,5.2771453857421875,5.6984142624778125,5.232009473096408,5.42007595514133,40600
2019-08-09,5.269621849060059,5.3899842584811495,5.269621849060059,5.322280223827648,5400
2019-08-12,5.201918601989746,5.280906534808372,5.141737388167618,5.280906534808372,2400
2019-08-13,5.442644119262695,5.442644119262695,5.442644119262695,5.442644119262695,600
2019-08-14,5.260219097137451,5.341087737558927,5.224486725697338,5.341087737558927,4600
2019-08-15,5.2703752517700195,5.273384456169138,5.186873685809302,5.186873685809302,10400
2019-08-16,5.265861988067627,5.4012697386257775,5.25833915590465,5.269623404149115,9000
2019-08-19,5.307236671447754,5.431360536740616,5.284668891599084,5.371179312199639,12600
2019-08-20,5.416313648223877,5.604380099324821,5.299712649417932,5.397507290080413,42000
2019-08-21,5.378701686859131,5.600620202498574,5.322281524622392,5.600620202498574,24800
2019-08-22,5.333565711975098,5.491541590517968,5.273384493236549,5.491541590517968,69400
2019-08-23,5.3373260498046875,5.45016599908623,5.3373260498046875,5.3373260498046875,14600
2019-08-26,5.382462978363037,5.442644196391434,5.314758928726913,5.442644196391434,4400
2019-08-27,5.28053092956543,5.363656573663713,5.2775220837119745,5.363656573663713,6800
2019-08-28,5.374939441680908,5.374939441680908,5.307235400926071,5.314758231546968,2200
2019-08-29,5.416313648223877,5.5133560776056125,5.326041837785413,5.5133560776056125,16800
2019-08-30,5.333565711975098,5.3824630418772585,5.31852040729046,5.3824630418772585,3400
2019-09-03,5.329803943634033,5.453927788750304,5.1906347948281635,5.1906347948281635,2400
2019-09-04,5.326042175292969,5.326042175292969,5.265860964520352,5.303474400607393,4400
2019-09-05,5.247054100036621,5.359894046440179,5.247054100036621,5.337325913676147,6400
2019-09-06,5.258338451385498,5.258338451385498,5.2019186525558965,5.2019186525558965,1000
2019-09-09,5.247054100036621,5.42947879364667,5.243292684791232,5.416313840287808,8400
2019-09-10,5.228248119354248,5.341088081660758,5.228248119354248,5.341088081660758,2000
2019-09-11,5.28466796875,5.337326351673548,5.28466796875,5.337326351673548,4400
2019-09-12,5.17935037612915,5.453927230011832,5.17935037612915,5.453927230011832,64200
2019-09-13,4.716707229614258,5.077794879864034,4.607628687284031,5.077794879864034,60400
2019-09-16,4.60762882232666,5.081556444427406,4.60762882232666,4.823905205510528,9800
2019-09-17,4.570015907287598,4.630197489929669,4.570015907287598,4.618913241410812,4000
2019-09-18,4.325529098510742,4.570015382334532,4.257072838601744,4.570015382334532,14400
2019-09-19,4.2871623039245605,4.445890347039234,4.267227451488612,4.400754446309342,12000
2019-09-20,4.528639793395996,4.528639793395996,4.16002974866654,4.400754558707568,17400
2019-09-23,4.570015907287598,4.649003853377653,4.425957183205733,4.425957183205733,19800
2019-09-24,4.5135955810546875,4.585060686589713,4.344335818506806,4.524879469568987,9400
2019-09-25,4.457176208496094,4.482753192319234,4.457176208496094,4.474102222249774,4400
2019-09-26,4.543686389923096,4.5485763023435375,4.463194026543906,4.5485763023435375,5200
2019-09-27,4.5135955810546875,4.60762882232666,4.476734711177414,4.487266388285207,13800
2019-09-30,4.532402515411377,4.570015598474074,4.475982352754785,4.547447820378128,5600
2019-10-01,4.690377235412598,4.71670642290728,4.4947879605713075,4.71670642290728,14000
2019-10-02,4.641480445861816,4.806978778380735,4.532401909751814,4.57753781862061,16400
2019-10-03,4.570015907287598,4.848354606043464,4.570015907287598,4.848354606043464,3000
2019-10-04,4.848354816436768,5.137977058862807,4.562493631638502,4.562493631638502,33800
2019-10-07,4.897251129150391,5.062749467560429,4.719340047683562,5.002568253593142,38400
2019-10-08,4.923581123352051,4.923581123352051,4.769366647739811,4.912297233570479,3000
2019-10-09,4.983762264251709,5.0477049031312315,4.814502485509365,5.043943487030464,26400
2019-10-10,4.987523555755615,5.168067219581591,4.897251723842627,5.010091334379675,34200
2019-10-11,4.852114677429199,5.002568065395663,4.837069374503384,4.9687160441355,9000
2019-10-14,4.712947368621826,4.893491432656121,4.671196573991247,4.81074205502755,9000
2019-10-15,4.682854175567627,4.88220449690232,4.592582372552852,4.592582372552852,8400
2019-10-16,4.254063129425049,4.637718489406496,4.254063129425049,4.553088445957799,33800
2019-10-17,4.254063129425049,4.399626230223565,4.195762273401158,4.272869486895181,17400
2019-10-18,4.220211982727051,4.404517050141634,4.086684593149467,4.400755634388272,11000
2019-10-21,4.193882465362549,4.220212017142454,4.149498763494302,4.149498763494302,41600
2019-10-22,4.062235355377197,4.219082704401135,4.062235355377197,4.137461862962125,27400
2019-10-23,4.062235355377197,4.062235355377197,4.062235355377197,4.062235355377197,3200
2019-10-24,3.998292922973633,4.058474131882147,3.987009035980362,4.058474131882147,4200
2019-10-25,4.137462615966797,4.137462615966797,4.009577350443578,4.009577350443578,6600
2019-10-28,4.0321455001831055,4.129939798827226,4.0321455001831055,4.129939798827226,600
2019-10-29,4.013338565826416,4.164543812236115,3.900498610191692,4.164543812236115,9000
2019-10-30,4.077280521392822,4.137461725460746,4.017099317324899,4.08856440747849,5200
2019-10-31,4.167553424835205,4.167553424835205,4.062236289985738,4.099849373077793,8000
2019-11-01,4.167553424835205,4.167553424835205,4.017100375050252,4.114894678056289,4400
2019-11-04,4.129939556121826,4.1675529940341365,4.069758342428794,4.1675529940341365,2600
2019-11-05,4.046814918518066,4.11489490031993,3.9757257320746167,4.09608853711227,17800
2019-11-06,3.7650911808013916,4.0020549990380205,3.704909961955586,4.0020549990380205,29400
2019-11-07,3.926828622817993,4.190122027261229,3.911783316167672,4.190122027261229,17400
2019-11-08,3.9042608737945557,4.306723098979157,3.9042608737945557,4.306723098979157,3800
2019-11-11,3.994533061981201,4.08480491046804,3.8564923693044557,4.08480491046804,12200
2019-11-12,3.9117820262908936,4.0133380817246245,3.910653888727707,3.94074449210623,6600
2019-11-13,3.8967368602752686,4.0979682705993605,3.808345754611858,4.0979682705993605,9600
2019-11-14,3.885453462600708,3.996412714911386,3.83843684242528,3.9080215981165853,22800
2019-11-15,3.8384366035461426,3.9569186798913463,3.8064652894682025,3.9569186798913463,17200
2019-11-18,3.8121073246002197,3.9757249479714125,3.8121073246002197,3.9757249479714125,1400
2019-11-19,3.8215110301971436,3.9042603864691374,3.783897947315956,3.825272446097771,3800
2019-11-20,3.8478405475616455,3.9080221309058913,3.7951821553594716,3.8252727676773977,19400
2019-11-21,3.7914202213287354,3.8741695732557213,3.7914202213287354,3.8553628534484505,46800
2019-11-22,3.8546106815338135,3.9042602214569166,3.817749452940643,3.847840061457169,3000
2019-11-25,3.742522954940796,3.8440790283473634,3.723716234823837,3.8365561968172397,31000
2019-11-26,3.6259217262268066,3.7350002661478325,3.5807858157810366,3.7331195583740513,17400
2019-11-27,3.5356497764587402,3.697387068434253,3.49051386307895,3.6409672663866037,30800
2019-11-29,3.5582172870635986,3.5582172870635986,3.4905132495402915,3.531888098563775,7800
2019-12-02,3.460423707962036,3.5826668675685855,3.380307621592884,3.57326368556362,14400
2019-12-03,3.4228098392486572,3.5619789816358756,3.4228098392486572,3.5619789816358756,51200
2019-12-04,3.3701512813568115,3.4453778003965834,3.3701512813568115,3.388958000793839,18600
2019-12-05,3.528127431869507,3.6108767887621553,3.358867660863736,3.6108767887621553,19800
2019-12-06,3.4416162967681885,3.516843172592808,3.4344697507390163,3.4453777123010854,4200
2019-12-09,3.4378550052642822,3.4999169224872118,3.321253642662379,3.452524022649564,8600
2019-12-10,3.3983609676361084,3.430332281057767,3.3983609676361084,3.430332281057767,6200
2019-12-11,3.4228098392486572,3.4228098392486572,3.3513443809878876,3.3513443809878876,1400
2019-12-12,3.419048547744751,3.452900570389088,3.3663898059970787,3.449515081157989,5200
2019-12-13,3.3889591693878174,3.4303336794495256,3.3889591693878174,3.404004478383753,5600
2019-12-16,3.3099703788757324,3.4303328207121098,3.276118352432158,3.4303328207121098,26800
2019-12-17,3.1595165729522705,3.3099699651503904,3.0880514717217005,3.3099699651503904,60800
2019-12-18,3.076767683029175,3.200891529334956,3.065483436122585,3.200891529334956,15000
2019-12-19,3.0203475952148438,3.2648342366135212,2.903746398100671,3.133187555959745,62000
2019-12-20,3.0993356704711914,3.1425908771001816,3.024485431252336,3.1219038071127825,23800
2019-12-23,3.084290027618408,3.2817600357902363,3.027870230259785,3.2027721042631696,32600
2019-12-24,3.009063482284546,3.174561815978535,2.948882270032186,3.174561815978535,26200
2019-12-26,3.0880517959594727,3.1030971008881716,3.0466772970826415,3.084290380050207,13000
2019-12-27,3.065484046936035,3.088052186537694,2.9564056620837755,2.9902575127778546,27400
2019-12-30,3.084290027618408,3.0918128585773306,2.9571571616917067,3.039154117989845,21400
2019-12-31,3.1106200218200684,3.1331878005054588,3.063227112647349,3.063227112647349,34800
2020-01-02,3.0812811851501465,3.151994074431732,3.0812811851501465,3.151994074431732,5400
2020-01-03,3.0993356704711914,3.321254186161994,3.070373557263815,3.321254186161994,29200
2020-01-06,3.121903896331787,3.2874022545024704,3.0794008999247886,3.1933690067738527,87200
2020-01-07,3.095573902130127,3.366389717453425,3.095573902130127,3.287401786263643,69400
2020-01-08,3.148232936859131,3.1933688505152626,3.125665159385243,3.148232936859131,9000
2020-01-09,3.167039632797241,3.2422661549771994,3.159516801225069,3.1719291863524712,21000
2020-01-10,3.2836406230926514,3.3024473431463064,3.2121755173387805,3.2121755173387805,15600
2020-01-13,3.2347428798675537,3.366389171355908,3.2347428798675537,3.366389171355908,13800
2020-01-14,3.2422661781311035,3.345702960737025,3.1971302645008004,3.1971302645008004,9200
2020-01-15,3.2309818267822266,3.2535496010119016,3.2084136938442476,3.2535496010119016,10000
2020-01-16,3.262953519821167,3.262953519821167,3.2046530111007345,3.2121754838186876,19600
2020-01-17,3.227220058441162,3.351343879249802,3.2008908718175912,3.283639846551175,9600
2020-01-21,3.136948823928833,3.309969993265935,3.095573970336449,3.309969993265935,8600
2020-01-22,3.1143810749053955,3.117766205832776,3.095574353554157,3.1143810749053955,13800
2020-01-23,3.148232936859131,3.166663372161423,3.1407104639372867,3.166663372161423,4800
2020-01-24,3.091813087463379,3.1501135968777025,3.0842902559475434,3.1501135968777025,10400
2020-01-27,3.076767683029175,3.2023959521058325,3.076767683029175,3.103096875061208,7800
2020-01-28,2.952644109725952,3.1392060134593627,2.8097135220533294,3.1188948681074273,22600
2020-01-29,3.039154291152954,3.039154291152954,2.9112690272312935,3.0090636830194275,10000
2020-01-30,2.982734203338623,3.0429155967830592,2.9225529892483517,2.9977795068611908,7000
2020-01-31,2.994018316268921,3.0199715818209336,2.933837101261841,2.971826466331935,8200
2020-02-03,3.039154291152954,3.57326312358557,2.952643703091979,3.57326312358557,9000
2020-02-04,3.095573902130127,3.3720318406485243,3.054199408157697,3.054199408157697,8800
2020-02-05,3.306208372116089,3.306208372116089,3.1256647416222516,3.185845951786864,3000
2020-02-06,3.2953007221221924,3.3400607076627358,3.189607309346842,3.2460274682309302,4200
2020-02-07,3.325015068054199,3.385196277822153,3.234743253402268,3.3663895600925913,29200
2020-02-10,3.2723567485809326,3.3964805992758116,3.2723567485809326,3.3927195422156267,8200
2020-02-11,3.249788999557495,3.2527978452317257,3.204653086068852,3.2193221055016106,3400
2020-02-12,3.3362996578216553,3.360748503631419,3.1971304912476457,3.360748503631419,5400
2020-02-13,3.2723567485809326,3.3062087730810545,3.212175531117761,3.3062087730810545,10200
2020-02-14,3.279879331588745,3.3438219599752697,3.2309820064279715,3.289282511589218,5000
2020-02-18,3.4416162967681885,3.4566616001914467,3.2911632625356066,3.2911632625356066,31600
2020-02-19,3.3964805603027344,3.522861402491912,3.2309822141780313,3.4228101116720153,25800
2020-02-20,3.347583055496216,3.347583055496216,3.292291753823494,3.3250152797505454,4000
2020-02-21,3.3615007400512695,3.508568666259037,3.3581156090377577,3.358867820517607,9400
2020-02-24,3.4416162967681885,3.5695015552200475,3.381435083075156,3.4529005433668787,12600
2020-02-25,3.449139356613159,3.519476325168753,3.385196723145956,3.4453779408307703,39600
2020-02-26,3.4228098392486572,3.4566615019577225,3.4115255929706505,3.4348459381618826,5800
2020-02-27,3.5582172870635986,3.5582172870635986,3.313731042886775,3.4190481555943597,31800
2020-02-28,3.4641847610473633,3.573263310927337,3.230982356431846,3.573263310927337,46400
2020-03-02,3.3930954933166504,3.5168434185623014,3.3930954933166504,3.5168434185623014,3600
2020-03-03,3.377673625946045,3.456661557622492,3.355105850443245,3.4115256479085687,22000
2020-03-04,3.3701512813568115,3.382563665966082,3.302447234866848,3.381435169535693,7400
2020-03-05,3.321253776550293,3.3851964039889726,3.2874017551170724,3.2874017551170724,4400
2020-03-06,3.3851969242095947,3.415287534839232,3.2874022603090856,3.2874022603090856,10600
2020-03-09,3.490514039993286,3.6785805346286113,3.21593713000573,3.21593713000573,55200
2020-03-10,3.4077649116516113,3.5770246786758304,3.396480664130534,3.5770246786758304,20200
2020-03-11,3.4660661220550537,3.539411952206938,3.404004182993822,3.404004182993822,10600
2020-03-12,3.257312059402466,3.385197350018743,3.054200232749678,3.385197350018743,30000
2020-03-13,3.3400607109069824,3.3964805111375305,2.9131497173819185,3.3284005375521115,45200
2020-03-16,3.4867520332336426,3.486752033233643,3.1783228220990707,3.2460268565178283,36000
2020-03-17,3.3099703788757324,3.4604234311712045,3.234743852727996,3.4604234311712045,34600
2020-03-18,3.3024473190307617,3.584547041650559,3.234743629523686,3.426571168286805,20800
2020-03-19,3.390838861465454,3.663535050116157,3.2385047499959017,3.4585425522991233,29600
2020-03-20,3.0316321849823,3.4555340280515203,2.9225534482799556,3.4228104967179136,209600
2020-03-23,3.5544564723968506,3.5544564723968506,3.065483542731363,3.2272208336005286,123400
2020-03-24,3.7237164974212646,4.359381458209955,3.6296832489135724,3.648489970356786,110000
2020-03-25,3.7237164974212646,3.934351131910181,3.4468825908572827,3.648489970356786,113200
2020-03-26,4.5135955810546875,4.848354049117916,3.7613296508789062,3.7613296508789062,90800
2020-03-27,4.60762882232666,4.773127169133659,4.272870354263432,4.272870354263432,59800
2020-03-30,4.498549938201904,4.71670701283593,4.412039176214854,4.671571103467682,36600
2020-03-31,4.618911266326904,4.791932390505201,4.276630432534852,4.5624914826917315,38200
2020-04-01,4.562492370605469,4.916809369508352,4.526759642704798,4.596344390857861,38600
2020-04-02,4.570015907287598,4.882206275474868,4.34809773370924,4.716707909657241,82800
2020-04-03,4.825785160064697,4.96495429237759,4.626434820125503,4.645241537185796,82800
2020-04-06,5.096601963043213,5.359142766498899,4.893490167701302,4.893490167701302,88800
2020-04-07,5.013852596282959,5.4953027103963,4.893490157431715,5.299713747263027,43000
2020-04-08,5.025136470794678,5.2320096810065095,5.00256869292916,5.0138525818619195,53600
2020-04-09,4.998807430267334,5.262100451921518,4.716707687343199,5.262100451921518,59800
2020-04-13,5.043942451477051,5.277144821220991,4.7994561944558445,4.7994561944558445,60400
2020-04-14,4.927341938018799,5.310997372133679,4.769366065527865,5.021375178372529,79800
2020-04-15,5.107885837554932,5.186873777670044,4.848354239295771,4.848354239295771,58800
2020-04-16,5.153021812438965,5.277145668543727,4.9047741002294405,5.277145668543727,223600
2020-04-17,5.010090351104736,5.374939381866984,5.010090351104736,5.277144737133465,54000
2020-04-20,5.164303779602051,5.205678622044658,4.709183382399229,4.8370682481349965,24000
2020-04-21,5.149260520935059,5.168067242343522,4.995046051060731,4.995046051060731,7600
2020-04-22,5.153021812438965,5.226367988288772,5.013852651312667,5.013852651312667,24800
2020-04-23,5.243293285369873,5.341087940701797,5.100363076756557,5.250816116722333,32400
2020-04-24,5.322280406951904,5.341087123748103,5.232008596780094,5.292189803561301,32400
2020-04-27,5.299713611602783,5.397508270020287,5.194396480303816,5.3222813889555285,41000
2020-04-28,5.457688808441162,5.641993854946073,5.322280726349139,5.444524213506284,62800
2020-04-29,5.546080589294434,5.99932078860516,5.439259035498701,5.638233123728114,68600
2020-04-30,5.563006401062012,5.7172208555225135,5.418195127011701,5.472734577774157,43400
2020-05-01,5.623188018798828,6.270136849386311,5.382463139479478,5.5253933572211595,41000
2020-05-04,5.386222839355469,5.910928390098866,5.348609765794525,5.641993317886296,145400
2020-05-05,5.171827793121338,5.60438051960816,4.987522743311009,5.393746279455875,135000
2020-05-06,5.288430213928223,5.489661314430446,5.100363711222087,5.20944226844331,39400
2020-05-07,5.28466796875,5.698413994571917,5.224486754718327,5.611903589078469,57200
2020-05-08,5.7435503005981445,6.603014031249046,5.7435503005981445,6.401782961025896,212200
2020-05-11,6.018126964569092,6.138489389073811,5.86391251849534,5.972991055379822,106400
2020-05-12,6.021888256072998,6.243054170677682,5.980513404469813,6.206193304479672,74800
2020-05-13,6.036932945251465,6.2513293075302725,5.9805131519850825,5.9805131519850825,52600
2020-05-14,6.085829734802246,6.319031704149733,5.950421676847904,6.319031704149733,39000
2020-05-15,6.168580055236816,6.277658951891248,6.0030817199320845,6.0030817199320845,27000
2020-05-18,6.0557403564453125,6.224999745612282,5.837583284302353,6.217477632199281,37400
2020-05-19,6.0406951904296875,6.146012678436047,6.021888829229159,6.106518889464922,30000
2020-05-20,6.202432632446289,6.202432632446289,6.095234792642364,6.1873876865980995,14800
2020-05-21,6.15353536605835,6.3190333495216064,6.097114848942077,6.221239412664535,34600
2020-05-22,6.398021697998047,6.411938864227399,6.176103195512076,6.209955219105982,26600
2020-05-26,6.3227949142456055,6.503339281924809,6.2385414977564455,6.484532203303697,48000
2020-05-27,6.416828155517578,6.65379232424211,6.1930293005370265,6.386737547138541,66400
2020-05-28,6.349124908447266,6.525907882720311,6.349124908447266,6.525907882720311,36600
2020-05-29,6.371692657470703,6.562015416362336,6.277659415785432,6.394260434598493,53800
2020-06-01,6.367931365966797,6.601133408143247,6.229890346384632,6.375454197628415,52800
2020-06-02,6.379215240478516,6.492055569245287,6.2099558234534875,6.413067267366872,57000
2020-06-03,6.3829755783081055,6.544712853361625,6.277658816815865,6.53719002256457,31200
2020-06-04,6.443157196044922,6.461964274223207,6.322794765370607,6.382975980707765,33000
2020-06-05,6.469485759735107,6.576683572094054,6.416826669206544,6.443155855762562,37800
2020-06-08,6.454440116882324,6.6932845800506895,6.398020328772311,6.477007888643024,84200
2020-06-09,6.529666423797607,6.721494260985188,6.47700733761389,6.614295740054552,60000
2020-06-10,6.612416744232178,6.693285379906491,6.4619637188206465,6.4807700779658575,58800
2020-06-11,6.401782989501953,6.522145418871751,6.287062324816156,6.465725619781741,34600
2020-06-12,6.435635566711426,6.525907396513477,6.394260709020878,6.443157681132382,42600
2020-06-15,6.495816707611084,6.695166726969215,6.409306294779566,6.413066993235961,128400
2020-06-16,6.56351900100708,6.845618659203661,6.46948578160822,6.586086772786178,82600
2020-06-17,6.680121421813965,6.713973445435631,6.5860881822908235,6.680121421813965,88200
2020-06-18,6.695166110992432,6.864050296298891,6.63122348186582,6.800483593499987,95400
2020-06-19,6.819291591644287,6.917086266587037,6.574805262995827,6.864427871393567,81800
2020-06-22,7.093867301940918,7.142764267264227,6.695165878894599,6.849380323074477,73000
2020-06-23,7.263126850128174,7.3740860958132615,7.076941447104313,7.165332199912788,111000
2020-06-24,7.248082160949707,7.304501960295405,6.9772659762236815,7.259365690368844,80200
2020-06-25,7.357158184051514,7.503850480183152,7.003593829332039,7.289454157747136,136200
2020-06-26,6.781677722930908,7.375967788197867,6.691405896013779,7.375967788197867,1054800
2020-06-29,6.981028079986572,7.135242548194199,6.740303196426714,6.80800724928211,111400
2020-06-30,7.165332317352295,7.187900810598806,6.968991161057599,7.099509338924952,45400
2020-07-01,7.142765045166016,7.206707679039805,7.005852522966644,7.157810708391241,47800
2020-07-02,7.165332317352295,7.360921620988768,7.02653945574455,7.225513531176339,59400
2020-07-06,7.582840442657471,7.601646803756397,7.270650113465142,7.270650113465142,49600
2020-07-07,7.334592342376709,7.643021238910502,7.293217489333564,7.488806790643605,73400
2020-07-08,7.492567539215088,7.526419558252324,7.300739670476283,7.38348865178031,33800
2020-07-09,7.210468292236328,7.673111623663734,7.169093440389175,7.515135764466982,47600
2020-07-10,7.481285095214844,7.552750565659649,7.146526956811258,7.146526956811258,53400
2020-07-13,7.6242146492004395,8.075573733916942,7.398534748133875,7.398534748133875,75200
2020-07-14,8.180892944335938,8.350153085323393,7.673113238790351,7.810025774568705,118600
2020-07-15,8.071812629699707,8.241072741378712,7.921359595660956,8.241072741378712,58000
2020-07-16,7.887509346008301,8.105666473748512,7.840492717465869,8.105666473748512,36400
2020-07-17,8.177129745483398,8.237310956399718,7.84613308544365,7.84613308544365,47600
2020-07-20,8.805272102355957,8.820317764374643,8.04172197290736,8.04172197290736,106400
2020-07-21,9.030953407287598,9.079850381576563,8.782705684922904,8.805273464024214,133400
2020-07-22,8.921871185302734,9.124983274162199,8.74508899928603,9.012142985656997,64200
2020-07-23,8.869216918945312,9.245349953196456,8.820319940156068,8.993340791551518,50800
2020-07-24,8.692434310913086,8.805273929805384,8.54198052916762,8.703717842352235,57600
2020-07-27,9.320574760437012,9.42213011171306,8.790227358263943,8.805272303209158,91400
2020-07-28,9.1926908493042,9.305530463913932,9.106179712858847,9.29800763162881,42600
2020-07-29,9.16260051727295,9.444700279825275,9.117464239601187,9.444700279825275,28000
2020-07-30,9.140031814575195,9.320576203793022,9.004247775623758,9.027192199053735,32600
2020-07-31,9.061041831970215,9.249108286403109,8.955724359217822,9.249108286403109,25400
2020-08-03,9.102417945861816,9.164479511388514,8.797749730821591,9.106178644146244,29400
2020-08-04,9.083611488342285,9.1249863464664,8.899306410888006,9.12122493050814,42000
2020-08-05,9.18892765045166,9.222779671750429,9.09865583279382,9.09865583279382,77000
2020-08-06,9.723038673400879,10.116473632901,9.140032064174315,9.214506384632275,121600
2020-08-07,9.54249382019043,9.967523763104753,9.354427334094114,9.926148906590216,87800
2020-08-10,9.32809829711914,9.50111985359036,9.28672415414604,9.486074188933394,53200
2020-08-11,8.75261402130127,9.365710421326272,8.645039542932663,9.365710421326272,98200
2020-08-12,8.906827926635742,8.959486307436528,8.557024185792509,8.775181257217147,83600
2020-08-13,8.861692428588867,9.01590688639421,8.745091410656784,8.925635061148402,33000
2020-08-14,9.042237281799316,9.155076890058572,8.805273100071455,8.910590593885697,61000
2020-08-17,8.406572341918945,9.29311791784813,8.286209901739207,9.04599798472799,82400
2020-08-18,8.432899475097656,8.538216943224542,7.938284520785815,8.462990077788687,72000
2020-08-19,8.447944641113281,8.45133012993987,8.27868526553193,8.361434245766151,55200
2020-08-20,8.33510684967041,8.391526653662677,8.049245696370635,8.308777655635135,52400
2020-08-21,8.54573917388916,8.587114022192106,8.244833142822015,8.308775764100854,56200
2020-08-24,8.741331100463867,8.854171434354823,8.620968651580275,8.75637676528271,39600
2020-08-25,8.970771789550781,8.970771789550781,8.51377015773514,8.786466713939614,53400
2020-08-26,8.865453720092773,9.027191007089801,8.760136950823403,8.967009791102537,28400
2020-08-27,8.888021469116211,8.950083751457116,8.801511061080417,8.806400973186069,24400
2020-08-28,9.087372779846191,9.087372779846191,8.933158314753262,8.954974240045695,18800
2020-08-31,8.997099876403809,9.1061780550125,8.91058947312508,9.094894526055839,26200
2020-09-01,9.102417945861816,9.158837746545185,9.049758843462877,9.064804506267341,27000
2020-09-02,9.267913818359375,9.309288664218077,8.71499874990607,9.06480243874212,38400
2020-09-03,9.015908241271973,9.173884138546352,8.71876352819445,9.173884138546352,37400
2020-09-04,9.25286865234375,9.271675008687838,8.898175061058831,9.038473033388502,48800
2020-09-08,9.523686408996582,9.523686408996582,9.02719101780403,9.117462841892069,67800
2020-09-09,9.651570320129395,9.723035773216845,9.501117301063642,9.670376678481393,45400
2020-09-10,9.802023887634277,9.83587590849522,9.674138634918856,9.83587590849522,137800
2020-09-11,12.4688081741333,12.4688081741333,11.09592229882047,11.287750194144317,783600
2020-09-14,12.720818519592285,13.137574545215355,12.355969033971627,12.788522577435987,252400
2020-09-15,12.149096488952637,12.820493884965362,11.848190354224766,12.709535330685622,158400
2020-09-16,12.461283683776855,13.035261435710652,12.100195000465044,12.100195000465044,132200
2020-09-17,12.50266170501709,12.78099932493181,11.302796501974159,12.71705740286589,241600
2020-09-18,13.45197868347168,13.45197868347168,12.577107457921961,12.884749363400793,208400
2020-09-21,13.294417381286621,13.585910453179666,12.967472469604454,13.420468033282992,136800
2020-09-22,12.108749389648438,13.310170982712044,11.888160800125926,13.306231055520188,182200
2020-09-23,11.963005065917969,13.058071295044721,11.963005065917969,12.195410459452297,114800
2020-09-24,12.368732452392578,12.601138634650104,11.911798441826875,11.911798441826875,100600
2020-09-25,12.612953186035156,12.800059164544749,12.270252383405982,12.289948263626629,63000
2020-09-28,13.593785285949707,13.767106033694805,13.037193136800084,13.144729717050275,272800
2020-09-29,13.195939064025879,13.806497138101628,13.006863102530032,13.806497138101628,356200
2020-09-30,13.282598495483398,13.841947987168526,13.128974381644301,13.255025013647769,294000
2020-10-01,13.156548500061035,13.589847380707912,12.83354355209326,13.589847380707912,140400
2020-10-02,13.463796615600586,13.564243733424178,12.946201018727708,13.018679458763957,82200
2020-10-05,13.845888137817383,14.051901870464624,13.451979530797168,13.4834914379849,255200
2020-10-06,13.715899467468262,14.038904449551458,13.617422302134548,13.940427284217744,106400
2020-10-07,14.082234382629395,14.141321281795236,13.045073124892188,13.790741317462722,185600
2020-10-08,14.20040512084961,14.220100250864014,13.860068706168677,14.220100250864014,114200
2020-10-09,14.574621200561523,14.751880407583313,14.184650945113585,14.27918968973933,126600
2020-10-12,14.574621200561523,14.751880407583313,14.027088374260504,14.574621200561523,136200
2020-10-13,14.716424942016602,14.77157190336645,14.056628364194632,14.574617611321562,60600
2020-10-14,14.649462699890137,14.791270059611183,14.58643737364104,14.645524274405577,83400
2020-10-15,14.73218059539795,14.810961104484122,14.07238256198707,14.464322657107667,98200
2020-10-16,14.263427734375,14.808991898461086,14.180707302411633,14.771570106678785,137400
2020-10-19,14.259495735168457,14.767638336429329,14.220103962216553,14.346154630377661,121400
2020-10-20,13.369257926940918,14.610464364426022,13.176243545990717,14.428873068909713,184200
2020-10-21,13.203818321228027,13.786802951428504,12.887115425409059,13.34956410311758,118000
2020-10-22,12.987168312072754,13.278659863529368,12.896569505396121,13.058071987322679,51200
2020-10-23,13.270783424377441,13.29441848708353,12.951718342378589,13.085647359094905,51600
2020-10-26,12.341156959533691,13.050192922016587,11.968519743870537,13.01867951133991,103200
2020-10-27,12.59325885772705,12.837482543312577,12.301766556428905,12.301766556428905,38800
2020-10-28,12.309642791748047,12.55780485984846,12.049663196092006,12.317521143451799,73800
2020-10-29,12.368732452392578,12.518023728523188,12.03745540743062,12.191473996459315,82000
2020-10-30,12.242680549621582,12.526294501068941,12.077238890113676,12.404183032555355,63000
2020-11-02,11.809380531311035,12.435695312280254,11.651817229785685,12.435695312280254,110600
2020-11-03,12.057544708251953,12.266315823876496,11.320935159936548,11.320935159936548,116000
2020-11-04,11.742416381835938,12.049665392396092,11.450924077555278,11.817259234021316,105400
2020-11-05,11.821198463439941,12.163898562018842,11.661665192591833,11.793624978648664,92800
2020-11-06,11.38395881652832,11.872405408681999,11.277603310223931,11.856649454778232,76600
2020-11-09,10.564628601074219,11.833014782238084,10.351918346366146,11.482435615040595,139000
2020-11-10,11.628183364868164,11.785746672389186,10.682802768420915,10.899452222347183,157400
2020-11-11,12.463268280029297,13.589847154095928,11.817258394866025,13.511065130935066,291400
2020-11-12,11.821198463439941,12.656285116958804,11.423350643957376,12.36873123664135,134400
2020-11-13,12.065421104431152,12.597986045346172,11.978761475602054,12.05754350277112,150800
2020-11-16,12.246617317199707,12.494779381985781,12.140261824582407,12.242678141400441,190400
2020-11-17,12.352973937988281,12.616891978753541,12.29388704692397,12.329338881034145,171600
2020-11-18,12.246617317199707,12.408119768364811,12.219043837925806,12.352972809817008,105000
2020-11-19,12.191473007202148,12.715370729862945,12.010274637676071,12.715370729862945,164600
2020-11-20,12.638559341430664,12.725493040450026,12.241146002744664,12.241146002744664,116600
2020-11-23,12.419157028198242,12.737915581423294,12.344641959694854,12.737915581423294,69400
2020-11-24,12.270126342773438,12.361200662246416,11.63261005440611,12.361200662246416,129000
2020-11-25,12.510229110717773,12.564045893765842,12.22044928743328,12.22044928743328,67400
2020-11-27,12.60958480834961,12.678304301418175,12.510231638327959,12.510231638327959,36000
2020-11-30,12.663400650024414,12.98629902050548,12.25812211671607,12.25812211671607,141200
2020-12-01,12.265984535217285,13.135325504931698,11.941016723498462,12.841405895183902,217000
2020-12-02,12.166632652282715,12.559906233164233,12.038301597405143,12.278405243428661,71400
2020-12-03,11.785778045654297,12.237007416148318,11.59535137752804,12.154213521584627,62600
2020-12-04,11.810619354248047,11.996906247529413,11.595353762840045,11.880994613378018,133200
2020-12-07,12.460553169250488,12.622001942310348,11.98862471097075,11.98862471097075,182800
2020-12-08,12.402597427368164,12.522649654296233,12.116957392187267,12.47297268014941,101600
2020-12-09,12.410877227783203,12.617863175369669,12.270126720257307,12.328083322501854,75600
2020-12-10,12.593027114868164,12.659262565617084,12.253570232382744,12.427438487995868,83600
2020-12-11,12.522648811340332,12.642701030187144,12.162492944388557,12.551626715313379,78600
2020-12-14,12.265984535217285,12.820706830673693,12.22872779827606,12.555765121651614,108400
2020-12-15,12.605443000793457,12.679957269666836,12.050720665119185,12.39845707821615,114000
2020-12-16,12.886944770812988,13.19328466859009,12.446065270222203,12.634422451256565,94800
2020-12-17,13.093932151794434,13.226403836223504,12.853000968420087,13.040116146861386,83600
2020-12-18,12.758613586425781,13.151887199701957,12.551627640404368,13.089791573813278,148200
2020-12-21,13.060811996459961,13.135327058331807,12.700656916864258,12.800010069497164,123600
2020-12-22,11.835456848144531,13.690050796338191,11.744383313134675,13.048394658283694,906200
2020-12-23,11.632608413696289,12.174911282115751,11.210356963664987,12.009322710413846,169400
2020-12-24,11.570513725280762,11.769220027247597,11.45874113432867,11.624329719301034,39600
2020-12-28,10.746709823608398,11.682286384379877,10.593540667358738,11.682286384379877,220400
2020-12-29,10.382413864135742,10.812944962896982,10.382413864135742,10.763267993967364,168200
2020-12-30,10.585261344909668,10.870902176677278,10.42381255675737,10.568702879514202,160400
2020-12-31,10.618378639221191,10.90070792449884,10.490047576597917,10.58112110659045,238200
2021-01-04,11.040631294250488,11.111006553230117,10.701174441380086,10.701174441380086,174200
2021-01-05,11.144124031066895,11.231057754586258,11.009582842280714,11.177241752825047,158000
2021-01-06,11.491860389709473,12.021744722143966,11.139984106045503,11.139984106045503,175800
2021-01-07,11.818896293640137,11.926529072049748,11.283630981568908,11.675248007607756,142000
2021-01-08,11.690566062927246,11.96378744678803,11.280733987136067,11.856154660783977,174800
2021-01-11,11.417344093322754,11.858224354038663,11.214497972656277,11.698845090031716,144200
2021-01-12,11.719542503356934,11.756800031914336,11.487718495346467,11.756800031914336,45600
2021-01-13,11.694706916809082,11.839597248917395,11.504280209732686,11.661589194291937,122800
2021-01-14,11.963786125183105,12.166632233848366,11.715402861041833,11.715402861041833,117600
2021-01-15,11.806478500366211,11.893412218323009,11.52083767498625,11.893412218323009,111000
2021-01-19,11.640890121459961,11.955508069163521,11.425624544956486,11.955508069163521,83600
2021-01-20,11.690566062927246,11.835456382147655,11.495999559144176,11.781639594351269,74400
2021-01-21,11.6243314743042,12.056932162000738,11.388367606394956,12.056932162000738,87600
2021-01-22,11.843735694885254,11.885132251058467,11.334549684314561,11.582932969297316,56400
2021-01-25,11.545677185058594,11.910386679950003,11.450463828103214,11.876855211704733,88400
2021-01-26,11.85201358795166,11.856153401156845,11.429762905675135,11.798197595461536,98200
2021-01-27,11.334551811218262,11.75266358165277,11.185522443934532,11.686428131840259,155000
2021-01-28,11.582932472229004,11.997732611412514,11.4090642591613,11.520836851045251,120200
2021-01-29,11.831315994262695,12.054861182710923,11.60694331687886,12.054861182710923,85600
2021-02-01,13.830801010131836,14.871526333511316,12.626142853505463,12.626142853505463,614000
2021-02-02,12.791731834411621,14.439340632863829,12.746195461326918,14.439340632863829,196200
2021-02-03,13.582419395446777,13.61967693177526,12.79587210814663,12.79587210814663,105800
2021-02-04,14.108161926269531,14.108161926269531,13.582417467880463,13.582417467880463,123800
2021-02-05,13.868058204650879,14.428989921636212,13.520321756650745,14.360684181327143,142000
2021-02-08,14.869872093200684,14.902990608112901,14.294451319611424,14.476599993273204,190400
2021-02-09,15.296263694763184,15.544646230273628,14.091605397099991,14.733261596483349,290600
2021-02-10,12.626140594482422,14.215792457085984,12.228728023625825,13.975688041874387,755800
2021-02-11,12.561976432800293,13.143607209306579,12.481252042415909,13.143607209306579,225200
2021-02-12,12.522648811340332,12.736258601409554,12.249427445896362,12.53092843807225,152000
2021-02-16,12.456415176391602,13.077373058406781,12.452275362427514,12.733776395275266,181000
2021-02-17,12.303243637084961,12.638561418788097,12.265986105784611,12.489531293586703,122000
2021-02-18,11.947227478027344,12.396386542528427,11.934808038655525,12.315662160583154,171000
2021-02-19,11.972065925598145,12.306969158341472,11.860293336671424,12.01346326848826,143200
2021-02-22,12.00932502746582,12.36120130371545,11.876854144545664,12.059001213766507,148200
2021-02-23,11.578791618347168,12.009322693763814,11.322129529962206,12.009322693763814,232800
2021-02-24,11.442182540893555,11.545675511168174,10.999232754452375,11.409064821989224,343200
2021-02-25,11.268315315246582,11.504279971583964,10.862623025412525,11.375948108596413,211600
2021-02-26,11.773359298706055,12.543346380786339,11.765079672441338,12.543346380786339,442800
2021-03-01,12.336359977722168,12.398456382682758,11.798196925046701,11.802336738016647,254200
2021-03-02,11.951369285583496,12.468834168600662,11.909971937024373,12.398458912926776,245800
2021-03-03,11.8602933883667,12.087978380460424,11.23105598454248,12.001043881053397,650000
2021-03-04,11.736102104187012,12.787590192490653,11.545674642620888,12.067279268316826,2739600
2021-03-05,11.719542503356934,12.15835321979109,11.566373365588607,11.872712430713879,1377800
2021-03-08,12.949041366577148,13.29884733918469,11.645029244838241,11.719544313462034,646000
2021-03-09,12.882805824279785,13.168445865642026,12.634422527348015,13.16430605190781,227000
2021-03-10,13.926011085510254,13.977757560458896,13.00285416192773,13.027692248818283,363400
2021-03-11,15.221746444702148,15.523945732119449,13.897036093059137,14.075044130454968,426000
2021-03-12,15.184491157531738,15.519809003442182,14.513857044888505,15.213469067516606,199800
2021-03-15,14.911266326904297,15.511525829281522,14.244771391248177,15.511525829281522,310800
2021-03-16,14.890567779541016,14.985781114450836,14.604926195634288,14.90298642956226,126600
2021-03-17,15.275562286376953,15.316958840762137,14.551111530394959,14.592508084780144,139600
2021-03-18,15.842702865600586,16.538175698907512,15.730930276764408,16.053827813950736,333000
2021-03-19,16.451244354248047,16.59613389068961,16.14904347107991,16.231838168694022,529200
2021-03-22,16.413982391357422,16.538173614687352,16.173877990966083,16.50919571521627,195200
2021-03-23,15.30453872680664,16.385005432221448,15.163788244507831,16.385005432221448,325800
2021-03-24,14.356544494628906,15.710232691175278,14.219933020316475,15.46598922612543,232400
2021-03-25,15.027177810668945,15.250722988247592,13.988109163977306,14.3027270745427,150000
2021-03-26,15.292119979858398,15.428731452020514,14.6090673565798,15.151369483923489,120600
2021-03-29,14.948524475097656,15.499106240904963,14.799494349261888,15.279701655189724,114000
2021-03-30,14.869872093200684,15.0809986778218,14.75810105331622,14.944387172575464,109400
2021-03-31,14.902990341186523,15.179523303204203,14.791217724126303,14.86573280216645,288200
2021-04-01,14.64632797241211,15.072718573806451,14.348267664311704,14.832615664974862,161400
2021-04-05,14.534551620483398,14.870696869777035,14.452998169596336,14.696000386141666,99000
2021-04-06,14.613205909729004,14.625626139002044,14.339984553381292,14.534551827160382,179400
2021-04-07,15.325239181518555,15.557064002737967,14.4558972863288,14.69186271068605,232800
2021-04-08,16.06210708618164,16.144901770068724,15.420451049616922,15.503245733504006,135600
2021-04-09,16.020709991455078,16.14490122349266,15.73920902327539,16.14490122349266,81800
2021-04-12,15.784748077392578,16.09936600838116,15.780607474292365,16.057969452443345,67600
2021-04-13,15.685395240783691,16.08280789091052,15.437012729248798,15.830286355160293,92400
2021-04-14,15.784748077392578,15.908939324383402,15.548784234356795,15.598460417317648,55200
2021-04-15,15.635721206665039,15.91101294061643,15.536367240867902,15.830288534296505,95200
2021-04-16,15.432870864868164,15.677114332231097,15.213466278300183,15.677114332231097,123200
2021-04-19,14.898846626281738,15.474267208420471,14.816051945725858,15.424589452580634,101400
2021-04-20,14.625624656677246,14.952661183079233,14.145415845947154,14.824330933956709,125000
2021-04-21,14.938175201416016,15.11618323961331,14.505575336405041,14.638046214248037,95800
2021-04-22,15.275562286376953,15.403892552477418,14.820192292253305,14.994061294861192,114200
2021-04-23,15.341796875,15.509454963946364,15.23002428931001,15.509454963946364,57600
2021-04-26,15.610875129699707,15.720992720064242,15.341794425637179,15.50738218678866,47600
2021-04-27,15.561203956604004,15.766119607205024,15.341799352509529,15.341799352509529,124400
2021-04-28,15.577760696411133,15.615018224975026,15.21760406056775,15.523943915335012,84400
2021-04-29,15.615015983581543,15.799647042976783,15.391470844286053,15.730927576174608,54600
2021-04-30,15.428732872009277,15.557064729259544,15.23002654990328,15.494968312711276,60800
2021-05-03,16.02484893798828,16.405703837476914,15.457707980925722,15.523943409639763,182400
2021-05-04,15.867538452148438,16.300138186978874,15.482544585778971,16.19871554709611,113000
2021-05-05,16.538179397583008,16.546459025923745,15.952408720691196,16.248398722367675,108000
2021-05-06,15.735072135925293,16.70293901217822,15.650208712680199,16.600273520226192,129400
2021-05-07,16.322912216186523,16.48932909759715,15.776469432081841,15.776469432081841,69000
2021-05-10,16.60027503967285,17.52343390433919,15.77233111591505,15.77233111591505,169200
2021-05-11,16.488502502441406,17.349563283790467,16.217763562713998,16.240118400361386,271200
2021-05-12,16.256671905517578,17.01838003992148,16.028987743537623,16.455378169382463,181000
2021-05-13,18.80259895324707,19.042703362342504,17.088755903304587,18.670128099669295,803800
2021-05-14,19.920326232910156,20.51644674508233,19.233132981849643,19.253831259816202,753400
2021-05-17,22.50351333618164,23.078934039842956,20.475050340470624,20.499889223636245,896400
2021-05-18,22.222013473510742,23.604679791885925,22.05642406876089,22.934045703086465,599000
2021-05-19,21.46030044555664,22.28410510954886,20.636495781564417,21.857713036598348,738600
2021-05-20,23.32731056213379,23.513598190075903,21.382471832278608,21.82459404814733,672000
2021-05-21,22.822269439697266,23.856370037721398,22.56146672166252,23.64193354577198,390000
2021-05-24,22.16819190979004,22.86159443201103,21.910702320033703,22.822268180708072,359400
2021-05-25,21.91981315612793,22.66082326098745,21.861857340852218,22.04814343875914,213600
2021-05-26,21.965351104736328,22.267550423177905,21.559658804122527,22.12679990425658,196800
2021-05-27,21.38164520263672,22.350753072102794,21.145681390820833,22.226146517946486,284400
2021-05-28,22.072980880737305,22.12803890165396,21.39820626299511,21.485141559409357,222000
2021-06-01,22.557329177856445,23.148066299404803,21.721105763255185,22.50765141361502,387800
2021-06-02,21.890830993652344,22.94645885304914,21.671424848096898,22.768450838342467,326200
2021-06-03,20.988374710083008,21.899113165313846,20.897300390806702,21.899113165313846,237800
2021-06-04,21.017351150512695,21.158101643593987,20.63649622486679,21.158101643593987,221600
2021-06-07,21.302993774414062,21.57621516754807,20.84762531224988,21.19950079854243,209400
2021-06-08,20.946971893310547,21.356804659289388,20.89315669774396,21.30298788454575,147000
2021-06-09,20.75655174255371,21.199501569049335,20.375698335508986,20.876603977930763,269800
2021-06-10,20.342575073242188,20.980092057900027,20.326015821365502,20.768965544415217,300600
2021-06-11,19.787853240966797,20.671683986054422,19.630543502738917,20.491605670747088,272000
2021-06-14,19.95344352722168,20.28462069207313,19.7063022817254,19.903767347288284,279800
2021-06-15,20.37569808959961,20.446072556895587,19.66366589298015,19.883070501817645,167400
2021-06-16,20.905580520629883,21.017353120835534,19.767157819011423,19.965864137428987,427000
2021-06-17,20.00726318359375,21.195775868540686,19.93274811340261,20.810368121103537,287800
2021-06-18,20.081775665283203,20.367417279718534,19.5452690818852,20.36120795404428,577800
2021-06-21,21.10842514038086,21.11256416400639,19.78826768428595,20.077634548123726,230200
2021-06-22,20.92627716064453,21.017351474978813,20.632357519700484,21.017351474978813,139200
2021-06-23,20.284624099731445,21.25745748100673,20.135593955718072,21.050471520805388,179200
2021-06-24,20.421232223510742,20.568605785965733,19.86236927563071,20.520584583682332,268800
2021-06-25,20.168712615966797,20.727574080957314,19.903770837625288,20.533006771597588,1152800
2021-06-28,19.61812400817871,20.508164039740286,19.115148191119893,20.346715284986594,180600
2021-06-29,18.98474884033203,20.00104888664164,18.83571872522235,20.00104888664164,202200
2021-06-30,19.249692916870117,19.386304398801464,18.59561657158205,18.86883953544474,181800
2021-07-01,19.373878479003906,19.514628943671955,19.001304834301642,19.262105911840134,104200
2021-07-02,19.034425735473633,19.760946784392537,18.864697337804717,19.373882530811468,88800
2021-07-06,19.373878479003906,19.495587227698845,18.860554369633594,19.038562356689567,150800
2021-07-07,19.204158782958984,19.54568596243739,18.951635637172796,19.378027825622297,167200
2021-07-08,18.59147834777832,19.05926704655832,18.4217499284585,18.997170628611613,159200
2021-07-09,18.97233009338379,19.108939978750463,18.586507089662696,19.108939978750463,90200
2021-07-12,19.224853515625,19.50635452002137,18.703249642289016,18.947493114363002,145600
2021-07-13,18.81916046142578,19.601567027684148,18.69083019492081,18.875047547116996,138800
2021-07-14,18.39276885986328,19.251760738203185,18.388628257150515,19.04270451817103,100800
2021-07-15,18.467283248901367,18.773621513121046,17.804927385592038,18.637011632908806,150600
2021-07-16,18.28927993774414,18.943354763969435,18.109201580241493,18.800535522397418,110000
2021-07-19,18.173368453979492,18.214765015525558,17.469615853453213,17.742837265518993,145600
2021-07-20,19.03028678894043,19.137918777020335,18.057451976598962,18.11954838687638,131200
2021-07-21,19.593286514282227,19.70091848998374,18.42174553463629,18.42174553463629,108400
2021-07-22,19.539472579956055,19.75887716572065,19.220714050552804,19.52705235001537,82200
2021-07-23,19.593286514282227,19.858228219864834,19.153648338608804,19.787852191032318,77000
2021-07-26,20.292903900146484,20.84762634136876,19.59329191722262,19.59329191722262,178400
2021-07-27,20.185266494750977,20.512304631747273,19.61812550850107,20.24322387963852,116600
2021-07-28,20.342575073242188,20.52886270891197,19.812691646605636,20.321876797984917,78200
2021-07-29,21.091869354248047,21.485142988758565,20.45021320277169,20.561984229982045,98200
2021-07-30,21.087730407714844,21.696269675027384,20.771042120987758,20.99251704942405,167400
2021-08-02,20.802085876464844,21.647416335186545,20.686174261494916,21.468580820896566,138600
2021-08-03,21.340251922607422,21.44374490145535,20.549565627376346,20.9718171705772,70600
2021-08-04,21.265737533569336,21.57621648007127,21.133680387256483,21.34025260706401,88200
2021-08-05,21.153961181640625,21.650727724011777,20.980093760358237,21.31955055549011,95800
2021-08-06,21.2119197845459,21.394066842885742,20.79877539431095,21.28229424600309,91400
2021-08-09,20.533002853393555,21.4809987562025,20.450623492286905,21.4809987562025,270000
2021-08-10,20.760692596435547,20.89730251002637,20.288763277108217,20.450213653792012,105800
2021-08-11,20.872461318969727,20.946976383301845,20.52472645765636,20.946976383301845,136400
2021-08-12,20.748273849487305,21.079451096168242,20.441935488499066,20.781392363744235,163400
2021-08-13,20.748273849487305,20.95401859240542,20.479193027449277,20.893164980594868,92000
2021-08-16,20.764827728271484,21.062887962671923,20.16042921222817,20.50816562596959,111000
2021-08-17,20.218387603759766,20.62822047847473,19.385061969208728,20.62822047847473,245000
2021-08-18,19.601566314697266,20.19354618196717,19.56844938812479,20.131451352452306,124600
2021-08-19,19.00544548034668,19.42769691041391,18.628731201440196,18.99302683154906,133800
2021-08-20,19.551891326904297,19.62640639020552,19.013314464618475,19.233132795932924,144000
2021-08-23,19.866512298583984,20.156291367032413,19.49642100079451,19.742319464474676,82000
2021-08-24,20.09005355834961,20.21424637782386,19.680222307451942,19.84995070433248,72400
2021-08-25,19.978281021118164,20.239083731854993,19.941023491012903,20.04451645473004,48800
2021-08-26,19.57672882080078,19.95758215808972,19.394580199334545,19.93688388178963,61200
2021-08-27,20.015539169311523,20.017609470819444,19.597428277820864,19.597428277820864,75400
2021-08-30,20.110754013061523,20.528864902982797,19.899627477012068,20.036238950829638,209200
2021-08-31,20.081775665283203,20.487469506678966,19.998982550723188,20.081775665283203,57200
2021-09-01,20.268062591552734,20.34671825836199,19.889277947475446,20.197688130910112,77800
2021-09-02,20.45435333251953,20.533007432001433,20.102477817938126,20.32602146361764,94800
2021-09-03,20.51644515991211,20.65553909311081,20.121101290833682,20.363274440603814,151800
2021-09-07,20.470911026000977,20.843484793138543,20.12731358671292,20.582683629895495,195200
2021-09-08,20.37569808959961,20.673756793505117,19.920328037203024,20.61166195398117,285800
2021-09-09,21.54309844970703,22.155776683430993,20.425373983393015,20.46263151824273,431600
2021-09-10,24.130422592163086,25.252286069699604,22.772593677197566,24.010370361353722,1027800
2021-09-13,24.14698028564453,24.219425048110732,22.81399033955689,24.010368808556223,570200
2021-09-14,23.79924201965332,24.962501891267767,23.634066394732894,24.010366965372913,331800
2021-09-15,24.48643684387207,24.647885621174247,23.927573869544492,24.22977314639835,229200
2021-09-16,25.289541244506836,25.396345745424338,23.708168849761993,24.58992936258566,371800
2021-09-17,24.56624984741211,25.56216715801406,23.89431598437861,24.763121835884814,540000
2021-09-20,24.044111251831055,24.609049296372373,23.32081978199657,23.894317691773644,317800
2021-09-21,24.519176483154297,24.681809046791486,23.50014749041627,24.228147556207905,224600
2021-09-22,24.716041564941406,25.280979527244185,24.416452855810633,24.823037415871887,229200
2021-09-23,25.20822525024414,25.559171540172134,24.814479636771722,24.823039501480608,188200
2021-09-24,24.369375228881836,25.22962281318153,24.142544539822484,24.842296709773276,175000
2021-09-27,24.716041564941406,25.054148845712238,24.343268712533504,24.399333127831245,103000
2021-09-28,24.540571212768555,24.89151751293828,23.971352437720522,24.814480360937385,148000
2021-09-29,24.895793914794922,25.037029222273897,24.155382819179685,24.784518947718528,99200
2021-09-30,25.68756866455078,26.19258930154201,24.810202857109207,25.03703357905992,256600
2021-10-01,26.928714752197266,26.958675092222947,25.34517747783685,25.892995707556036,174600
2021-10-04,26.509294509887695,27.455139182485713,26.234957612638702,27.061393556480073,159200
2021-10-05,27.288223266601562,27.47653539142447,26.500733676009116,26.714725394837203,159400
2021-10-06,27.536455154418945,28.032917551663836,26.714727667863382,26.873082728761446,188200
2021-10-07,28.97447967529297,29.2376918608932,27.661429312173645,27.85316507124132,290800
2021-10-08,29.539417266845703,29.958842498537294,28.683450338316067,29.201313203500632,199600
2021-10-11,28.486576080322266,29.530856695298294,28.323943552274542,29.496617237207897,149800
2021-10-12,27.878841400146484,28.39242022904067,27.843746444123987,28.39242022904067,149000
2021-10-13,28.91455841064453,29.102872157722945,27.930198517403554,27.987973927321807,144800
2021-10-14,29.179914474487305,30.082959899473913,28.469460313870204,29.33826954125561,193000
2021-10-15,29.445262908935547,30.241312393720897,28.709130846423964,29.676371100417445,244400
2021-10-18,29.31258773803711,30.417213652516235,29.05066205629634,29.813330893060495,119000
2021-10-19,28.824682235717773,30.331185679233695,28.473735967385252,29.535136269192122,136600
2021-10-20,28.99159812927246,29.107155489875225,28.486577525214066,28.773328919697654,75400
2021-10-21,28.657772064208984,28.918842235796504,27.891681279661718,28.73480921755046,93400
2021-10-22,29.064355850219727,29.1585094605534,28.31795134922527,28.726248553905485,85200
2021-10-25,29.92032241821289,30.48953788443369,29.128550480102554,30.24772947284051,166000
2021-10-26,30.318342208862305,31.35406450889656,29.642130924696428,30.198507380408962,133400
2021-10-27,30.630779266357422,30.742055891725816,29.971684278029265,30.08296090339766,105400
2021-10-28,31.14007568359375,31.722133417137893,30.502378013667553,30.510939510920707,182600
2021-10-29,32.09447479248047,32.32558622420491,30.27126782874475,31.51241709745319,210400
2021-11-01,31.970367431640625,32.858435189064316,31.84197433562203,32.858435189064316,166200
2021-11-02,32.894805908203125,32.95472332575688,31.465339588088675,31.80772763004244,156000
2021-11-03,33.81068420410156,34.11027123904905,32.66796945833271,32.90335833857608,152800
2021-11-04,33.25859069824219,34.63455907169347,33.19011504995887,34.238673107782994,162800
2021-11-05,30.797691345214844,32.68510009097479,28.888885384249118,32.68510009097479,458600
2021-11-08,28.77332878112793,30.729213017080006,28.2725856630185,30.660734097755622,393600
2021-11-09,29.500896453857422,30.06155367364244,28.747644741255815,28.781884197568225,170600
2021-11-10,29.967397689819336,30.260568553461002,29.231268948805045,29.372500996085694,172000
2021-11-11,31.054471969604492,31.302703105365794,30.067970181078266,30.37397998547886,171800
2021-11-12,32.15867614746094,32.402626583166274,31.15719644254047,31.15719644254047,171600
2021-11-15,31.89760971069336,32.42445860044604,31.24279547858303,32.0559647810766,119200
2021-11-16,31.486743927001953,32.09447967401648,31.157198090037802,31.81201228022646,102200
2021-11-17,30.91325569152832,31.512430096584552,30.39539268175661,31.48675212644089,79600
2021-11-18,29.839008331298828,30.70781426112401,29.428144588067674,30.70781426112401,193200
2021-11-19,28.69200897216797,29.958839508108905,28.69200897216797,29.873244129901774,109200
2021-11-22,29.800485610961914,30.155712648145276,28.721968783967693,28.721968783967693,225000
2021-11-23,29.89464569091797,30.095798450748372,29.261231963425267,29.6121782895374,173800
2021-11-24,30.040159225463867,30.172833049309865,29.207731550671106,29.753407834040072,116600
2021-11-26,30.266984939575195,30.519493564647338,29.21842370692193,29.21842370692193,100800
2021-11-29,30.63505744934082,31.195714748019522,30.23275194419472,30.523780833294182,154800
2021-11-30,29.63785171508789,30.806247883672583,28.970198627470552,30.198508948138123,549800
2021-12-01,28.52937889099121,30.630775972824985,28.379582068417186,30.373986550955404,168400
2021-12-02,27.08707046508789,28.589293151473697,26.534971473249442,28.52509498679401,390800
2021-12-03,26.29958152770996,27.309622661750414,25.466296775812992,27.159827484933835,253800
2021-12-06,26.93727684020996,27.03571283445087,25.982873975045766,26.295301687017496,113400
2021-12-07,27.271106719970703,28.24904723266846,27.04855512382448,27.382381701730143,171800
2021-12-08,28.482297897338867,28.914558800407562,27.326740704582342,27.326740704582342,199800
2021-12-09,26.53925132751465,28.62353013926131,26.44081533619317,28.465178362599794,157600
2021-12-10,26.11126708984375,26.873078668782796,25.91439511334494,26.680485808022162,149800
2021-12-13,25.64048957824707,26.231107222965807,25.307946239775376,26.094152643411807,131000
2021-12-14,25.024194717407227,25.7774449274442,24.89579836669284,25.34518232893835,165400
2021-12-15,25.5120906829834,25.580567961538105,24.651843136473605,25.203942113173667,262000
2021-12-16,25.139745712280273,27.45941659643653,25.058427821146868,25.91867537208451,130600
2021-12-17,25.36229705810547,25.550610810068267,24.6989230755942,25.066989082473633,143400
2021-12-20,24.823040008544922,25.15258745974605,23.78304009826639,25.15258745974605,182600
2021-12-21,25.251022338867188,25.261722577654883,24.790939825658995,25.216782880848335,145000
2021-12-22,25.379419326782227,25.533493636488114,24.64542761383088,24.64542761383088,212800
2021-12-23,26.329538345336914,26.470772015052717,25.206081946731064,25.642625200390302,139800
2021-12-27,26.239665985107422,26.817442991270955,25.82024239877813,26.320982253102887,80600
2021-12-28,25.634069442749023,26.911600327590715,25.516373338610702,26.188307237844892,87400
2021-12-29,25.18682289123535,25.845917730953726,25.079827039305503,25.691843442954404,76600
2021-12-30,25.987159729003906,26.10699459157359,25.032756680014145,25.032756680014145,98000
2021-12-31,26.14978790283203,26.5948910785925,25.392686388318754,25.987155368810818,112800
2022-01-03,25.340898513793945,26.618429314336865,25.045590534661162,26.14978693576275,180400
2022-01-04,25.319501876831055,26.255074089612265,24.754563830233337,25.589131918543217,127600
2022-01-05,24.519176483154297,26.102715848567883,24.43357945182402,25.422221980064933,93400
2022-01-06,24.151107788085938,24.818762601344158,23.307979814196877,24.506333225770494,130600
2022-01-07,24.095470428466797,24.600491082893882,23.877199564495243,24.335141773278327,93000
2022-01-10,24.810203552246094,24.823042534564568,23.539092058638815,23.91571798871272,150200
2022-01-11,25.21250343322754,25.310939424795937,24.12114602895586,24.60048700652329,139800
2022-01-12,25.24674415588379,25.383698727765704,24.937740056141916,25.328060422742652,116400
2022-01-13,25.263858795166016,25.661883475418296,24.542707833437685,25.229620973195125,131800
2022-01-14,25.14402961730957,25.301527552058587,24.69892640331725,25.161149348454064,133800
2022-01-18,25.358020782470703,25.649049674803763,24.386070354193997,25.22962606705962,222800
2022-01-19,25.76888656616211,25.993578560401392,24.951438133048907,25.57201454476108,200200
2022-01-20,25.27670669555664,27.20263249110605,25.101233521711684,25.8416447983076,235000
2022-01-21,24.57480812072754,25.3023802887274,24.4399939260825,24.981392711606336,253200
2022-01-24,25.443614959716797,25.58056952519781,23.72098101989392,24.074067672279458,280000
2022-01-25,25.31521987915039,25.46501342270366,24.187054907838885,25.20394327597324,193000
2022-01-26,25.40081214904785,26.282458471794797,24.818756142007096,25.503528875365028,170000
2022-01-27,25.169708251953125,25.859189642588646,25.028472924350684,25.584851104260675,137200
2022-01-28,25.25958251953125,25.400816204058703,24.476372050132845,25.39225797207409,122400
2022-01-31,26.49217414855957,26.53925095299291,24.96427348144816,25.30237913986721,138000
2022-02-01,27.38237762451172,27.74188374435195,25.892995594495652,26.719003683740144,156200
2022-02-02,27.527891159057617,27.647725984270988,26.74896152991661,27.613486529851713,108000
2022-02-03,27.03999900817871,27.604937125722834,26.618434978449198,27.408065097742092,128600
2022-02-04,26.967233657836914,27.198345088600043,26.252502154428548,26.915876106320816,102000
2022-02-07,28.58929443359375,28.649211852580713,26.76180335872805,26.76180335872805,250600
2022-02-08,29.595060348510742,29.616457564842502,28.283289846411716,28.674895149613914,342000
2022-02-09,31.670780181884766,31.670780181884766,30.03588328148416,31.028804907927643,503400
2022-02-10,32.12015914916992,32.95472556850424,30.693690235481416,31.32838715642427,448400
2022-02-11,32.08163833618164,32.469818324418156,31.73240303864428,32.098758065647196,328800
2022-02-14,31.465341567993164,32.74073367600579,31.310411769247704,32.312750229260615,260200
2022-02-15,31.456783294677734,32.18007636361369,31.131514961305026,32.000320834622066,161200
2022-02-16,31.533823013305664,31.97892622541316,31.341231752941624,31.499583551161667,130400
2022-02-17,30.50237464904785,31.863789702814262,30.459576963266404,31.27274605413038,160800
2022-02-18,30.1813907623291,30.822510425863296,29.530857370020353,30.33974581067446,201400
2022-02-22,29.218427658081055,30.177112903048993,29.12512954190859,29.894642268749205,161200
2022-02-23,28.40526008605957,29.665671097405443,28.396698589320522,29.282624117063158,173800
2022-02-24,29.115713119506836,29.171353056887753,27.493655477889707,27.934477901960904,168400
2022-02-25,30.1856746673584,30.322629251915306,28.609412067166883,29.102876973009273,165000
2022-02-28,30.686412811279297,30.849048616029805,29.535139522925064,29.864685350792975,185400
2022-03-01,30.42106819152832,31.069462937664685,30.236607406134787,30.82337046416836,219200
2022-03-02,31.846256256103516,32.09876497323714,30.421070307630533,30.6607400412157,335800
2022-03-03,33.284271240234375,33.412667580450695,31.656652855557414,32.09875852862259,294400
2022-03-04,32.436866760253906,33.15373709516509,32.1158791658969,32.95472635398598,215200
2022-03-07,30.395383834838867,32.625180530633855,30.309788449103078,32.5267428983085,435000
2022-03-08,30.605098724365234,31.756372033416607,30.33118956594556,30.502380341016806,214400
2022-03-09,31.970367431640625,32.29777456110794,31.187160076687395,31.187160076687395,190200
2022-03-10,31.40970230102539,32.01101847159404,30.9603184129594,31.375462844452795,174200
2022-03-11,29.993074417114258,32.45397871780428,29.834719399665417,32.2785039742593,268400
2022-03-14,29.710609436035156,30.962462296337637,29.415303084648052,30.425340992721132,177800
2022-03-15,29.62500762939453,30.241304690369557,29.05365025630468,29.577929200278174,301200
2022-03-16,31.1785888671875,31.272745734095587,29.562950939752337,30.044432246688068,503400
2022-03-17,31.83768653869629,31.83768653869629,30.71209131300786,31.217111882170283,338400
2022-03-18,31.90616798400879,32.31703171036456,31.375466147034775,31.833408314819767,386200
2022-03-21,34.70945358276367,34.73299280071009,32.13385041128717,32.578098048860234,504800
2022-03-22,33.62665939331055,35.522626199381705,32.757853515935075,35.26583678352143,378400
2022-03-23,33.8706169128418,35.52263362960784,33.605265943972114,33.605265943972114,213400
2022-03-24,34.24296569824219,34.8549823223042,33.60099035546059,34.03325140194961,196600
2022-03-25,33.98188400268555,34.43426213539839,33.6694546711974,34.088879857060974,138200
2022-03-28,33.318511962890625,34.210001595258106,32.97612715142362,33.98188763706841,177600
2022-03-29,35.561134338378906,35.668130173935836,33.25858513268516,33.318502539376745,356400
2022-03-30,34.07175827026367,35.71307419503513,34.0015683666927,35.56113865339664,173600
2022-03-31,33.10024642944336,34.18304756160127,32.612345440129616,34.18304756160127,334400
2022-04-01,34.18303680419922,34.59817797724692,33.62665705415958,33.62665705415958,176600
2022-04-04,33.635215759277344,34.74369452650461,33.20723233483913,34.23867395505734,140000
2022-04-05,32.9547233581543,34.157355724135414,32.94188437798792,33.51538059378176,201600
2022-04-06,32.321311950683594,32.97184868850656,32.15439864965446,32.796373889075724,176400
2022-04-07,32.39834213256836,32.85628424078748,31.944680772628175,32.389783901264714,118400
2022-04-08,33.16872024536133,33.695141371128884,32.09876152776903,32.34271198476988,185400
2022-04-11,32.8006477355957,33.7036929768954,32.48822168003479,33.168713723293884,100000
2022-04-12,33.408390045166016,34.18304237920813,32.96328682559203,32.96328682559203,216400
2022-04-13,35.09892654418945,35.11176552630784,33.59242284737077,33.59670359649518,184400
2022-04-14,35.95489501953125,36.725263366168846,35.09892801309726,35.120325229105106,305400
2022-04-18,36.83224868774414,37.234554110369665,36.00196314979372,36.30155021009737,246600
2022-04-19,37.7010612487793,37.773820918234534,35.83077562703854,37.19604390297196,222400
2022-04-20,37.80805969238281,38.13332805693011,37.10616703458672,37.96213400899707,190600
2022-04-21,35.03900909423828,38.17184807398871,34.50830722182757,37.94929483323458,312800
2022-04-22,33.635215759277344,35.58211389824687,33.40838506676579,34.70089683711167,246800
2022-04-25,33.30995178222656,33.36986920236043,32.38122850489719,33.10023754650354,159000
2022-04-26,32.411190032958984,33.17727758060016,32.00888452114926,33.078843209788076,156600
2022-04-27,33.19011688232422,33.48970398245525,32.31703027804373,32.74073296687318,160000
2022-04-28,33.86632537841797,33.97760197705686,32.37694497003875,33.78501075252213,139400
2022-04-29,33.725093841552734,34.97908535704706,33.41266451713934,33.69085438526689,300800
2022-05-02,32.26567840576172,33.67802537575877,31.16148010305531,33.67802537575877,410200
2022-05-03,32.406917572021484,33.33992191774114,31.841979370547104,32.05597116300339,252600
2022-05-04,33.14731979370117,33.2478961744626,31.067319783674545,32.67225786145713,316600
2022-05-05,31.927570343017578,33.468310381465834,31.392590936246993,33.26288011780883,355000
2022-05-06,30.095794677734375,32.903364934655286,29.415302591113562,32.20575311899783,450200
2022-05-09,28.225505828857422,29.813327223444304,28.144191197742305,29.411021755411078,304800
2022-05-10,27.780405044555664,28.86619680065636,27.33530026834443,28.67916956331485,304000
2022-05-11,26.415138244628906,28.16131145062517,26.338101095386293,27.545014256684254,233800
2022-05-12,26.278182983398438,27.296782360776998,25.516371375687203,25.999993103723355,290400
2022-05-13,27.206905364990234,27.968715315762832,26.53925065465304,26.87735794189844,331600
2022-05-16,26.941558837890625,27.50221775208425,25.740209618439746,27.03999483669519,204200
2022-05-17,27.81036376953125,28.101392622614757,27.185506742247746,27.429455525789525,162800
2022-05-18,26.612009048461914,27.5878107185703,26.2696226407596,27.5878107185703,211800
2022-05-19,27.669130325317383,28.152750441854533,26.492175853565907,26.492175853565907,192200
2022-05-20,27.065673828125,27.900241873879576,26.402298181097464,27.900241873879576,162600
2022-05-23,29.749134063720703,30.05043220187802,27.61777479239108,27.61777479239108,364600
2022-05-24,30.20707893371582,30.352591769496417,28.520822746992042,29.269793939434596,298800
2022-05-25,33.33991241455078,33.63521878359268,29.796637612375132,30.207073596583577,457000
2022-05-26,34.238670349121094,34.6752119593606,33.076266027934615,33.630934734085166,399000
2022-05-27,33.250038146972656,34.666662443935884,33.0189266721825,34.55966657219534,301000
2022-05-31,32.53958511352539,33.34847367056063,32.00032498708357,33.34847367056063,397800
2022-06-01,31.272747039794922,32.71932976242807,31.208548876472275,32.71932976242807,255800
2022-06-02,32.47966003417969,32.78780860527879,31.435807239369613,31.687891395538742,336000
2022-06-03,31.675064086914062,32.56098992262421,31.426832839259617,31.850535648010883,134800
2022-06-06,29.52229881286621,32.21003426494345,29.218427700284984,32.07307969621514,453600
2022-06-07,29.958837509155273,30.669291508837237,29.05151154052936,30.669291508837237,282900
2022-06-08,28.9830379486084,29.933161670784663,28.52937656478724,29.505178247480355,246800
2022-06-09,28.024356842041016,28.88032371453121,27.767564168090367,28.580733350006952,235000
2022-06-10,28.897441864013672,29.24838817159358,27.390941517275575,27.870284169319582,246400
2022-06-13,25.99571418762207,27.904518255902662,25.85019975650285,27.853162334201688,324100
2022-06-14,26.44937515258789,26.757523738862922,25.499253065951862,25.99571377015764,186500
2022-06-15,27.03999900817871,27.604937125722834,26.235389530944403,26.723290484039094,182400
2022-06-16,26.783201217651367,26.962953457037294,25.70981749556061,26.38945565153491,160500
2022-06-17,26.586334228515625,27.49365877996945,26.312425053180693,26.82600557324742,182500
2022-06-21,27.510774612426758,27.921638317196606,26.62056991875875,26.954396474805847,146100
2022-06-22,27.373825073242188,27.964441145120603,26.851686298072615,26.851686298072615,136900
2022-06-23,27.510774612426758,27.998675465919355,27.0314336235286,27.4251792317368,174200
2022-06-24,28.674890518188477,28.948799658932902,27.793245675495772,27.793245675495772,172500
2022-06-27,29.342544555664062,29.539416552635302,28.35818457080787,28.674891412435112,109400
2022-06-28,28.127071380615234,29.73628998245093,27.810364558504105,29.52229826867906,146900
2022-06-29,27.39093780517578,28.127069781130558,27.125588552323734,27.94731753544511,87600
2022-06-30,27.60493278503418,27.73332912734549,26.312422557943655,26.791763569323333,146800
2022-07-01,27.647729873657227,28.23834911708666,27.194068467171643,27.5535729933856,115200
2022-07-05,23.701725006103516,27.587814061518433,23.441510325141987,27.587814061518433,418800
2022-07-06,23.273738861083984,23.7744786793468,22.09164820973272,23.513408531653326,539600
2022-07-07,24.360815048217773,24.60048634688857,23.171021684280685,23.539087680135882,502100
2022-07-08,23.949953079223633,24.826463314187166,23.761640952043365,24.35225856053809,173600
2022-07-11,24.514890670776367,24.67752483345359,23.21382226724032,23.21382226724032,206300
2022-07-12,23.91571617126465,24.823040648165385,23.753081999537567,24.309460170298564,102900
2022-07-13,24.0869083404541,24.43785464316968,23.194135479678682,23.35077790756713,140500
2022-07-14,23.91571617126465,24.00131318968034,22.914234810843915,23.89003657595174,125100
2022-07-15,24.557689666748047,24.613326337147868,23.72740076779468,24.446413060693963,109800
2022-07-18,25.07982635498047,25.708962469602127,24.942871798857357,25.09694608265263,129100
2022-07-19,26.22682762145996,26.556375103125966,24.598779700072747,25.293823487036065,195300
2022-07-20,25.841644287109375,26.303865619931276,24.763125667021605,26.303865619931276,180200
2022-07-21,25.268142700195312,25.764603425501726,24.874397086261396,25.704686005096562,142700
2022-07-22,24.189626693725586,25.35374229178639,23.88147806303245,25.25958540293517,144300
2022-07-25,24.65184783935547,24.97711619901274,23.89859763155467,24.38649853841316,79400
2022-07-26,24.523452758789062,24.88295894262233,24.091190167962434,24.51489289338501,99200
2022-07-27,26.13266944885254,26.13266944885254,24.31801894387531,24.763122113556342,125900
2022-07-28,25.798839569091797,26.654806393628373,25.430773573320725,26.132667740847527,92300
2022-07-29,25.935794830322266,26.295300971634504,25.216782547697782,25.961474423497137,96100
2022-08-01,26.18402862548828,26.42369995460601,25.41365871188985,25.773164889252765,98300
2022-08-02,26.73184585571289,27.339583202782055,25.419649422793867,26.18402756296221,134800
2022-08-03,27.741886138916016,28.246906723059684,26.80888211957447,27.031433701792633,232900
2022-08-04,28.66632843017578,28.923117806926076,27.416614470217272,27.741882755569822,240000
2022-08-05,28.118505477905273,28.212662339653075,26.449371351581497,28.212662339653075,186900
2022-08-08,28.78616714477539,28.8546427973765,28.024357142531347,28.640651076959433,142000
2022-08-09,29.205595016479492,29.488065712088847,28.349627961064755,28.965925285845024,231000
2022-08-10,30.095794677734375,30.729211591072467,29.650691518544935,29.958840110695657,227700
2022-08-11,30.38682746887207,30.900406345342613,29.770530204903533,30.395385701869472,164400
2022-08-12,30.553735733032227,30.92009073785467,30.08723537804396,30.60081416989857,130800
2022-08-15,30.04443359375,30.361143663050573,29.295462638269367,30.07011481831079,141200
2022-08-16,30.29267120361328,30.558022145566678,29.22271246788094,30.035881760088508,107600
2022-08-17,30.20707893371582,30.459587654131067,29.65069902751353,29.90748849758564,91300
2022-08-18,30.55801773071289,30.823365369075397,29.67636963947174,30.258427368838042,144800
2022-08-19,29.916046142578125,30.14715761544368,29.522302121513036,30.078678690777657,132000
2022-08-22,28.614978790283203,29.513743541226063,28.353908578378846,29.111437982175712,154600
2022-08-23,28.923118591308594,29.445258855171723,28.443776013855484,28.61497002474975,223200
2022-08-24,30.489538192749023,30.712091401634698,28.863203141701252,28.863203141701252,223500
2022-08-25,31.7392520904541,31.764930050850317,30.12575276363485,30.746327418408793,176300
2022-08-26,31.379745483398438,32.51818299361834,31.110117093466904,31.499580323368004,239400
2022-08-29,31.16575813293457,31.84197284211623,30.60937828051828,30.99456408101764,180500
2022-08-30,30.215625762939453,31.89331981710684,30.01019557052314,31.50813739001274,174700
2022-08-31,26.457935333251953,30.331186654687794,25.066989195148558,29.916042207951612,1305500
2022-09-01,23.958513259887695,26.346661687053274,23.551928657138358,26.346661687053274,642200
2022-09-02,24.746002197265625,25.21678332492492,24.02698989247988,24.266661204950875,263100
2022-09-06,23.92427635192871,24.9000781299073,23.74452244762208,24.788801514710972,346600
2022-09-07,24.668968200683594,24.82304251891796,23.76164365540366,23.85580054601965,168000
2022-09-08,25.45645523071289,25.584849938282733,24.056949163158848,24.62616793130911,325800
2022-09-09,25.731037139892578,26.032192278741846,25.26159071537124,25.491885920928567,179000
2022-09-12,25.731037139892578,26.439638162246066,25.465312812406314,25.704465720804393,180700
2022-09-13,25.15530014038086,25.695608191272417,24.898433514002864,24.907291216903356,185700
2022-09-14,24.738996505737305,25.731035508944625,24.384696861734692,25.14644067398182,117200
2022-09-15,23.684955596923828,25.031296047843398,23.578666539418343,24.614994141984393,137700
2022-09-16,22.498046875,23.481229793819786,21.940025187480078,23.357225349800657,446500
2022-09-19,22.825775146484375,23.308508905713108,22.18803414233113,22.18803414233113,115000
2022-09-20,21.311145782470703,22.542339503819676,21.169425909276224,22.4006196306252,185400
2022-09-21,21.638872146606445,21.922311868127338,21.001131083750433,21.62115674165289,246700
2022-09-22,22.89664077758789,23.242082781320313,21.957746130084686,22.16146825077641,263100
2022-09-23,23.463518142700195,23.50780665795642,21.559155911969448,22.099463972056604,256700
2022-09-26,22.60434341430664,23.853250945392798,22.506910360718525,23.286371410554906,209000
2022-09-27,23.738100051879883,23.915250733083777,22.81692090214832,22.949783068334185,151100
2022-09-28,24.86300277709961,24.93386271108237,23.472375516791598,23.472375516791598,175400
2022-09-29,25.084442138671875,25.111015249420078,24.141117825038307,24.48213181051963,161300
2022-09-30,25.146442413330078,26.032192429319828,24.482129901337764,25.040153357494393,501200
2022-10-03,25.881616592407227,26.12962722169077,25.22616173940878,25.863902874870984,159200
2022-10-04,26.280202865600586,26.79393780384909,25.84618556341082,26.35106279882679,151100
2022-10-05,26.129627227783203,26.244773994249506,25.52731690612144,25.908189708903684,101400
2022-10-06,26.07611846923828,26.450672909466007,25.995856681977617,26.01369301269468,92600
2022-10-07,25.166484832763672,26.00477362648295,24.947995745118533,25.86208638937746,97600
2022-10-10,24.970287322998047,25.309169045385197,24.702749210637975,25.21999080857573,59300
2022-10-11,24.36387062072754,25.344846728935792,24.07849612400503,24.88111232127863,132700
2022-10-12,24.256855010986328,24.8632749404398,24.069576942313883,24.470885874493337,57900
2022-10-13,25.13973045349121,25.19323773878986,23.445318343995876,23.98931276329167,92900
2022-10-14,23.579084396362305,25.434019825819558,23.52557541693153,25.13972724281317,73500
2022-10-17,24.577899932861328,25.03271614599965,24.363869073907892,24.363869073907892,99500
2022-10-18,25.291332244873047,25.630213938134123,24.953341857633028,25.08621789532919,86200
2022-10-19,24.675996780395508,25.032714860330348,24.27468787736508,24.97920757358162,59600
2022-10-20,24.8811092376709,25.371598081470015,24.622489269930167,24.836520115946414,58200
2022-10-21,25.371601104736328,25.47415745769597,24.64924499976922,24.970292157532377,113500
2022-10-24,25.612382888793945,25.887056585815817,24.9970448162824,25.55887560008991,66900
2022-10-25,25.68372917175293,26.343659838415114,25.599009147435723,25.656976375108663,192800
2022-10-26,26.352575302124023,26.530935210818505,25.692646361500273,25.94234989347932,149400
2022-10-27,26.477426528930664,26.981290097759956,26.379328414200756,26.68253922248769,128100
2022-10-28,26.86089515686035,27.32908769729231,26.334735402556763,26.664698956361228,136900
2022-10-31,27.119522094726562,27.19086572213232,26.343660359309776,26.700378496338544,151900
2022-11-01,27.12843894958496,27.922136978733256,26.81630995690845,27.79728606204912,86900
2022-11-02,26.798471450805664,27.636760239998633,26.616546330106388,26.976831346707495,127100
2022-11-03,25.487531661987305,26.572848338568843,24.426293860358847,26.468507681082837,197400
2022-11-04,25.59455108642578,26.403409855542428,24.8454421579766,26.34366001487496,323600
2022-11-07,24.417377471923828,25.781826173283104,23.97147940361943,25.66589342394906,271300
2022-11-08,24.970287322998047,25.95126323659471,24.0874095110508,24.827600102943897,206900
2022-11-09,28.278852462768555,30.107033719387072,27.645678071781752,27.734858018658123,506100
2022-11-10,29.027963638305664,29.794908862002703,27.476238560869398,29.233076342003105,390800
2022-11-11,29.589794158935547,29.683432338953008,27.83741472847838,29.197405109062565,420000
2022-11-14,29.15281105041504,29.857330731893597,28.70691303458282,29.518447287320186,188600
2022-11-15,29.866247177124023,30.258636161426015,29.143891249501777,29.491691117713103,221600
2022-11-16,29.01904296875,29.652217319100238,28.706912324231972,29.482777301972256,103100
2022-11-17,28.510726928710938,29.384688590236102,28.020239647021118,28.54639789599576,111500
2022-11-18,28.501800537109375,29.117141980114425,27.77944622312971,29.027960335220698,118600
2022-11-21,29.233078002929688,29.65222330060933,28.52677728511102,28.60882339183127,153200
2022-11-22,30.231887817382812,30.419164173659194,29.11714274154911,29.36684454991762,139100
2022-11-23,30.214054107666016,30.48159226867677,29.45602534921455,29.928679615663576,102600
2022-11-25,30.579696655273438,30.731300396874552,29.875176745410293,30.445925846386466,34100
2022-11-28,29.16172981262207,30.321063929541726,29.001206260840544,30.321063929541726,87900
2022-11-29,29.616544723510742,29.968804556261976,29.06363214895788,29.06363214895788,58900
2022-11-30,30.766965866088867,31.02558755505015,28.805013739169226,29.72356604790548,153400
2022-12-01,30.79372215270996,32.28302359773629,30.79372215270996,31.177194796534746,186200
2022-12-02,31.658761978149414,31.92630013138114,30.124871576786973,30.73129320514272,169800
2022-12-05,30.69562339782715,31.739026714943122,30.659954135497184,31.507161201102075,113000
2022-12-06,30.49051284790039,31.31542710840978,30.12487651805888,30.695625579086336,116000
2022-12-07,30.784807205200195,30.9453308036426,30.20513827727677,30.39241807674807,69900
2022-12-08,31.373384475708008,31.507155240418587,30.708997388691017,31.061257227292472,97400
2022-12-09,31.230697631835938,32.309770020414,31.15043585240845,31.37338486171459,99200
2022-12-12,31.953054428100586,32.02439634381864,30.789260298907205,31.11476395537255,122700
2022-12-13,29.759235382080078,32.39003459968954,29.46494443336157,32.39003459968954,427600
2022-12-14,29.83057975769043,30.071365109147155,28.849602021911313,29.75923443788158,344300
2022-12-15,29.25983428955078,29.8484196403008,28.822852658540807,29.69681251862826,203800
2022-12-16,29.875171661376953,30.14270983168937,29.010128288832146,29.161735406566372,359300
2022-12-19,30.374570846557617,30.5440108499349,29.691452790899405,30.321061865628806,173900
2022-12-20,31.33772087097168,31.391229872699856,29.563048171147727,30.214059050142737,129900
2022-12-21,31.248533248901367,31.698887788048726,31.096926157022548,31.57849682261622,118200
2022-12-22,30.91856575012207,31.181647339663066,30.312147598662683,30.972074734926622,86600
2022-12-23,30.686702728271484,31.259234282930485,30.231888228003946,31.141517228539023,56900
2022-12-27,31.11475944519043,31.400133870560694,30.677781344687233,31.400133870560694,134400
2022-12-28,30.000019073486328,31.28420758394593,29.277666438284815,31.28420758394593,117300
2022-12-29,30.927486419677734,30.98099540587411,30.075819582861037,30.28539219304868,96600
2022-12-30,30.972084045410156,31.04342937992993,30.445924110091585,30.87398591141186,112400
2023-01-03,30.642112731933594,31.872792229844787,30.601980140797345,31.22177812156476,223300
2023-01-04,31.07909393310547,31.39033331514921,30.6421157321904,30.6421157321904,139200
2023-01-05,31.105854034423828,31.337719561692975,30.321072384862696,30.873985105221976,115600
2023-01-06,32.70216751098633,32.81810197835458,31.266378377289943,31.435818443495247,287700
2023-01-09,32.898353576660156,34.72653467854507,32.470291909043084,33.21048421479234,234800
2023-01-10,33.3085823059082,34.075527480829,32.40786975983066,32.89835692460287,307700
2023-01-11,33.94176483154297,34.33415393756225,33.36655587033112,33.397768601469785,313200
2023-01-12,34.390018463134766,35.00860723097895,34.04038118479224,34.354157352560215,218100
2023-01-13,34.77550506591797,34.92611757540092,33.71762660183165,33.88796168947509,127500
2023-01-17,34.614139556884766,34.905505047344356,33.807281801750996,34.57827845223367,217600
2023-01-18,33.376953125,34.703782992139885,33.28730379853346,34.703782992139885,216300
2023-01-19,33.1707649230957,33.80728418597828,32.283221329855365,33.251450704299366,186500
2023-01-20,32.87491989135742,33.287315833956896,32.45356380073527,33.170768931489405,179700
2023-01-23,34.085205078125,34.40794822605617,32.66872202218345,32.87491827338311,315800
2023-01-24,34.79344940185547,35.40307463695434,33.77142821131636,33.870044561097636,270100
2023-01-25,35.2596321105957,35.367212024018954,34.4975988890962,34.62310935807397,141200
2023-01-26,35.13411331176758,35.582366878276034,34.573796353632005,35.45685642683819,181800
2023-01-27,34.918949127197266,35.50167663849278,34.80240225697701,35.13410889693925,138400
2023-01-30,34.434837341308594,35.31341388297808,34.398976236774374,34.766544008492254,112800
2023-01-31,34.51552963256836,34.72172589271213,34.09417012450285,34.21968059416395,141200
2023-02-01,35.58236312866211,35.86028154177593,34.21070845405812,34.497590432800095,217400
2023-02-02,34.918949127197266,36.69582464624032,34.34518518134813,36.523697514427305,172800
2023-02-03,33.896942138671875,35.57789332094044,33.753501107914445,34.7665518914308,181600
2023-02-06,32.64182662963867,33.76246061640175,31.960482670444275,33.619019602892216,282800
2023-02-07,28.858562469482422,31.252238217410497,27.17850937273952,31.252238217410497,1149200
2023-02-08,28.150325775146484,28.858565574905892,27.63304142101558,28.60754465294388,418400
2023-02-09,26.473857879638672,28.159290640853712,26.402137372990197,28.123431242505355,460600
2023-02-10,26.40213394165039,27.056583693506468,25.828368253079997,26.39316866574053,369100
2023-02-13,26.20490074157715,26.841421638206445,26.169041348641816,26.402133387551732,342200
2023-02-14,27.289676666259766,27.361397166028517,26.052495907809305,26.052495907809305,304300
2023-02-15,28.697193145751953,28.813740035988662,26.87728467621809,27.02072568731578,366000
2023-02-16,28.786846160888672,29.006489462903282,27.926198377003207,28.17722100354308,211300
2023-02-17,29.055797576904297,29.270960804935147,28.410313022666983,28.67926449277793,197700
2023-02-21,28.096532821655273,28.930284703317696,27.634832209532114,28.697190940754435,351200
2023-02-22,27.971019744873047,28.508922589621363,27.52276623428182,28.069634354436136,242500
2023-02-23,26.823497772216797,28.347560825732725,26.76970781443151,28.096538172814828,185100
2023-02-24,26.733842849731445,26.760738679723833,26.00767253945379,26.554542446303902,192500
2023-02-27,26.626264572143555,27.092447017423453,26.446962447838512,26.841426095338534,167200
2023-02-28,26.27662467956543,26.832459877463744,26.218352944668137,26.680053590132893,185000
2023-03-01,26.38420295715332,26.84142176134907,26.160076192936867,26.572468618318418,174200
2023-03-02,26.088356018066406,26.303517509169758,25.998704969285463,26.124215411607867,127000
2023-03-03,26.473857879638672,26.65315829128398,25.90905739357414,26.178010575969743,124100
2023-03-06,26.07042694091797,26.71591145073798,25.640103934371293,26.71591145073798,180000
2023-03-07,25.209781646728516,26.14214818750115,25.11564709702631,26.12421763422914,215300
2023-03-08,25.344257354736328,25.631139367036926,25.20081634858603,25.299430971594564,133800
2023-03-09,25.012548446655273,25.460802009175804,24.967723774383877,25.26357105724936,177300
2023-03-10,24.851179122924805,25.45632251265824,24.295345613042016,24.931864908222597,244000
2023-03-13,24.83324432373047,25.6311349981842,24.546360650377807,24.546360650377807,278500
2023-03-14,25.08426856994629,25.76561417989582,24.492574013139098,25.281501228849763,377500
2023-03-15,25.738719940185547,25.783546324500296,24.411889743599932,24.752563424585148,272200
2023-03-16,27.083480834960938,27.280713507094436,25.550454392205438,25.666999572142004,311900
2023-03-17,26.7293643951416,27.21796091949854,26.635229833420947,26.814531969129728,385900
2023-03-20,26.697982788085938,27.074515848843017,25.846300335674183,26.95796896506374,299800
2023-03-21,26.859352111816406,27.092444164890246,26.267657557841122,26.760737492788262,219800
2023-03-22,27.49587631225586,27.81861945636867,26.63522849793897,26.85039173398205,394600
2023-03-23,28.141357421875,28.44616997375492,27.460011818258216,27.63931392287638,257600
2023-03-24,29.16337776184082,29.19027530304341,27.4420856006302,28.02481493145068,389700
2023-03-27,29.772998809814453,29.862651568262127,28.490995143140147,29.253026490430138,320700
2023-03-28,30.248151779174805,30.324354063712946,29.66542078233468,29.66542078233468,161400
2023-03-29,29.880582809448242,30.517102019550737,29.535425666290504,30.310905800217665,193800
2023-03-30,31.171550750732422,31.207411853752852,30.10470858514716,30.266076708933078,308500
2023-03-31,31.063976287841797,31.672702031416474,30.736749650450548,31.39568299896592,218500
2023-04-03,31.691530227661133,31.709460783223914,30.58882670982849,31.03708033918666,165700
2023-04-04,31.82600212097168,31.94254900180447,31.122244182698434,31.691524687710523,332700
2023-04-05,31.71843147277832,31.84394195646218,31.099839203330436,31.84394195646218,137000
2023-04-06,32.0770263671875,32.112887475791695,31.135694495700506,31.700494986554123,147800
2023-04-10,32.49837875366211,32.57010095522354,31.808067953195984,31.915647835635323,132500
2023-04-11,32.453556060791016,33.619014547800845,32.42665852361873,32.59699705273218,223800
2023-04-12,32.0770263671875,32.72251264244878,32.05013224568613,32.72251264244878,207500
2023-04-13,32.22046661376953,32.72251186255202,31.682563677141022,32.077025602675036,238900
2023-04-14,32.19342041015625,32.60812061442353,31.83281288259207,32.157358625687515,142700
2023-04-17,32.20243453979492,32.60811754017729,31.715610812487213,32.031142799238104,113100
2023-04-18,32.40077209472656,32.53600207356835,31.724629078600074,32.38274120161158,238400
2023-04-19,32.364715576171875,32.85153596161739,31.91395353995244,32.40979109198553,131400
2023-04-20,32.0401611328125,32.65319767718341,31.88239513368194,32.32864851380577,194100
2023-04-21,32.38273620605469,32.46387349303478,31.95000515517439,31.95000515517439,127500
2023-04-24,32.18440628051758,32.734336450135366,32.14834449650044,32.42781816407173,136800
2023-04-25,32.15735626220703,32.50895347637414,31.877886050717297,31.904930667560613,171000
2023-04-26,32.121299743652344,32.37372535263444,31.913949644982626,32.0311452839866,162200
2023-04-27,31.990577697753906,32.46478017261334,31.83281169538839,32.229480992627536,115100
2023-04-28,32.27455520629883,32.3827371122862,32.00409872181,32.229479698724155,99500
2023-05-01,32.220462799072266,32.68023843351076,32.12129462875169,32.202431910010304,118600
2023-05-02,32.00410079956055,32.22497320834434,31.494740996720896,32.21145089909813,171500
2023-05-03,31.41810417175293,32.14833971377792,31.34598405348901,32.00409603820959,143200
2023-05-04,31.535306930541992,32.03565299112813,31.12511532715749,31.24681954557857,150000
2023-05-05,32.725311279296875,32.75235933021369,31.886893920718908,31.886893920718908,135700
2023-05-08,33.04987335205078,33.60881733084201,32.59911130227429,32.59911130227429,120500
2023-05-09,32.95069885253906,33.30229263391319,32.896609617891265,32.98676063499816,197100
2023-05-10,34.257911682128906,34.55541625010818,32.61713829247655,33.80714968631142,505300
2023-05-11,33.689945220947266,34.17676892400751,32.16456909934861,34.05956986089141,205500
2023-05-12,33.662906646728516,34.24889862842314,33.55021614555964,33.95139405459755,144400
2023-05-15,33.112972259521484,33.89729708544986,32.49993573563427,33.89729708544986,232400
2023-05-16,32.47289276123047,33.52767412125703,32.42781725199736,33.04986753311244,177800
2023-05-17,32.79743576049805,32.88758676200554,32.400763100168426,32.71629848352519,175400
2023-05-18,33.42850112915039,33.63585117169845,32.45485386253511,32.78841667541328,153700
2023-05-19,33.49161911010742,34.032532152813786,33.20763683950151,33.70798295157346,156700
2023-05-22,33.6358642578125,33.9153345182606,33.396957490694604,33.49162054431114,109300
2023-05-23,33.347381591796875,33.83420204496618,33.28878031794956,33.581776370060474,278600
2023-05-24,32.54501724243164,33.302297591604386,32.427821590554,33.302297591604386,129200
2023-05-25,31.33697509765625,32.61714106281005,31.26485496050131,32.61714106281005,105000
2023-05-26,32.01311111450195,32.28357102676809,31.219772584912587,31.255830926046183,144500
2023-05-30,31.60742950439453,32.26554154562943,31.494739015709634,32.10326696679992,78500
2023-05-31,30.534622192382812,31.35500903655531,29.637606620341426,31.35500903655531,222400
2023-06-01,31.084543228149414,31.499243391027434,30.489537599964216,30.642798449139566,91000
2023-06-02,31.643491744995117,31.913951702387166,31.09356498126629,31.50826520534031,115800
2023-06-05,32.62614822387695,33.20312640019909,32.29258534870626,32.66221000471722,203600
2023-06-06,33.617835998535156,34.07761179665514,32.408892484722855,32.62615738132947,322700
2023-06-07,34.1226806640625,35.15943459834814,33.680935847535956,33.680935847535956,307100
2023-06-08,34.15422821044922,34.6140072818589,33.80714305492973,34.122675014492906,132600
2023-06-09,33.590782165527344,34.005485812269,33.140020173059476,33.87025583891221,95400
2023-06-12,33.46457290649414,33.8071530200287,33.21214726443785,33.662909304704904,95800
2023-06-13,33.653892517089844,34.13169913583498,33.491617922225245,33.491617922225245,112700
2023-06-14,33.23918533325195,34.01449643990525,32.806454272593534,33.68994728465124,102100
2023-06-15,32.54501724243164,33.4194966825234,32.170887370604746,33.022827333543916,196200
2023-06-16,32.43682861328125,33.98745077893996,32.36470849157469,32.815470429122854,268500
2023-06-20,33.14903259277344,33.31130716195206,32.193416067503875,32.39175241628676,167400
2023-06-21,34.257911682128906,34.47427895329938,33.149037585102825,33.149037585102825,211700
2023-06-22,34.01449966430664,34.25791155382135,33.473586646968,34.25791155382135,101500
2023-06-23,32.49092102050781,33.85222054769227,32.220464547979056,33.581764075163505,575600
2023-06-26,32.61713409423828,33.34736967152684,32.535996807872884,32.535996807872884,169700
2023-06-27,32.32864761352539,32.77940956365477,32.02212934987578,32.77940956365477,132900
2023-06-28,32.25653076171875,32.53600446699799,32.04918063420505,32.33766806718424,99800
2023-06-29,33.031837463378906,33.1310056495834,32.29258808863393,32.29258808863393,119100
2023-06-30,33.74855041503906,33.870254635503166,32.932668899112535,33.11297437750165,288200
2023-07-03,33.95138931274414,34.13169477724004,33.6493796371619,33.75305295789458,53200
2023-07-05,32.97773742675781,33.86123020872853,32.833490338397006,33.86123020872853,111900
2023-07-06,32.57205581665039,32.8244813798453,32.229475810142745,32.75236126423549,86600
2023-07-07,33.031837463378906,33.338355748446894,32.644181884056415,32.644181884056415,154000
2023-07-10,33.56373596191406,33.56373596191406,32.80645571275792,32.96873029750859,93800
2023-07-11,34.501319885253906,34.5193507758445,33.47358319487516,33.581765099377996,98100
2023-07-12,35.2946662902832,35.483985506601186,34.735718929190334,34.83488712032104,167800
2023-07-13,35.90769577026367,35.92572322049329,35.11435383758136,35.384810298552004,180400
2023-07-14,35.89410400390625,36.01189107286258,35.21001752873846,35.844269683810815,128700
2023-07-17,36.60538101196289,36.695987004724365,35.59057591976956,35.753669471857876,111500
2023-07-18,36.85907745361328,36.97414781513984,36.125156531005324,36.64161825033792,140500
2023-07-19,37.03123474121094,37.212450190058284,36.35167940033128,36.732232188550434,131500
2023-07-20,36.795654296875,37.040294615874096,36.31543633165284,37.02217272671895,168600
2023-07-21,36.768470764160156,36.96780461891438,36.170458830707354,36.96780461891438,211300
2023-07-24,37.27586364746094,37.828569041570745,36.695977154098564,36.73222092403275,142400
2023-07-25,37.43896484375,37.8829424756229,37.23056830842904,37.27587130195153,104500
2023-07-26,37.94636535644531,38.055093226444086,37.43896286912325,37.43896286912325,169000
2023-07-27,36.05266571044922,38.15475597235725,35.97111895647881,37.946359480298696,197700
2023-07-28,36.74128341674805,36.913439611098866,36.31995905875772,36.3516714961808,126800
2023-07-31,36.958740234375,37.149014846737835,36.46945969710239,36.46945969710239,96200
2023-08-01,36.80471420288086,37.16261374350806,36.41510221973717,36.72316742835318,101100
2023-08-02,35.70835876464844,36.6778571947114,35.536206033017294,36.6778571947114,133100
2023-08-03,35.21002197265625,35.617755799263286,34.94997997337867,35.39123739074789,100800
2023-08-04,35.12847137451172,36.1160916661367,35.055983832625444,35.46371761474516,179900
2023-08-07,34.920074462890625,35.40029232481682,34.421734715707345,35.128470958752864,148500
2023-08-08,34.177093505859375,34.79322376200714,34.12272785158889,34.79322376200714,145000
2023-08-09,33.850914001464844,34.13179463650727,33.55190802124912,34.08649164276464,131500
2023-08-10,33.0988655090332,34.06383604702499,32.93577199434153,33.850908210822176,193900
2023-08-11,33.080745697021484,33.98229141985722,32.81798697923279,33.08980836862594,159800
2023-08-14,32.618648529052734,32.99919776948809,32.40118935137798,32.99919776948809,130200
2023-08-15,31.621971130371094,32.59509194346634,31.576664683666685,32.46461988440333,163600
2023-08-16,31.631032943725586,31.902854364293656,31.490592625318076,31.703520499288746,171200
2023-08-17,31.70351791381836,31.807714445946903,31.440755730925893,31.612908476753745,84100
2023-08-18,31.603845596313477,31.80317942194671,31.177989932485566,31.513236169756365,223800
2023-08-21,31.45887565612793,31.730697037574007,31.168932388399263,31.56760351742708,105200
2023-08-22,31.359209060668945,31.739758328302152,31.159871754920147,31.721636440834388,119100
2023-08-23,31.427165985107422,31.79412470953549,31.05114458854226,31.35920976966604,305600
2023-08-24,30.462200164794922,31.531367524484917,30.435019056862934,31.268605293151545,285000
2023-08-25,30.52562141418457,30.70683684371557,30.090706457148276,30.543743302777354,206800
2023-08-28,30.951475143432617,30.99677813377169,30.593575643879692,30.616228867247536,170900
2023-08-29,31.649152755737305,31.72163685014703,30.951475633010823,30.951475633010823,227400
2023-08-30,31.45887565612793,31.82130301259057,31.001307532582594,31.56760351742708,183600
2023-08-31,30.91523551940918,31.635565951182443,30.743082750448114,31.359213179694237,327600
2023-09-01,34.29488754272461,35.4274796472584,31.848491362049053,32.618652610573314,664000
2023-09-05,33.207603454589844,34.412679713356226,32.618654149880435,34.22240506035053,335900
2023-09-06,32.43743133544922,33.52472025108807,32.39212835071347,33.52472025108807,309100
2023-09-07,32.129371643066406,32.62771147237168,31.739759686824865,32.43743683041095,228500
2023-09-08,32.863285064697266,33.28007803000556,31.98439269561135,32.61864481382605,220100
2023-09-11,32.98442459106445,33.67392749171296,32.49058758990251,33.19872973880089,189600
2023-09-12,32.192420959472656,32.9378308806134,32.117881744556016,32.79806851974663,168700
2023-09-13,32.0433349609375,32.57443968536452,31.391100028751595,32.117877720910485,366000
2023-09-14,31.512239456176758,32.667627693033744,31.139532656056318,32.462638597527956,255700
2023-09-15,29.51826286315918,31.465648383797983,29.42042813909395,31.465648383797983,569000
2023-09-18,30.296281814575195,30.450023605450664,29.229414233095312,29.63007094184292,305500
2023-09-19,29.695293426513672,30.589787006406624,29.50894007902011,30.23571600160831,215100
2023-09-20,29.08965301513672,30.226403735339538,28.744901548729896,29.937559353104902,466200
2023-09-21,28.94988441467285,29.704612163153808,28.344238646701776,28.726261443908026,350800
2023-09-22,28.54922866821289,29.39340639697549,28.344241369618846,29.108287037430134,322200
2023-09-25,28.14856719970703,28.213792120679056,25.986876723303652,27.48701613891004,701300
2023-09-26,27.319299697875977,28.30696829920889,26.9931821871234,28.092663166530535,489100
2023-09-27,27.021135330200195,27.775863095256025,26.77887666225195,27.38452244352385,427100
2023-09-28,27.71063804626465,27.71063804626465,26.946592487549196,26.965228178541597,260000
2023-09-29,27.328617095947266,28.111298398038148,27.254076104186105,27.878357576634848,205300
2023-10-02,26.480714797973633,27.32861931454047,26.215162382191576,27.32861931454047,326900
2023-10-03,26.126646041870117,26.73229188374621,26.084716618660362,26.39685649806817,371600
2023-10-04,26.303678512573242,26.5524595077716,25.949609227347157,26.12664475855896,382200
2023-10-05,26.620473861694336,26.667063087176214,26.014828148007783,26.31299208230287,349700
2023-10-06,27.15532684326172,27.230393326868633,25.897961900551305,26.86444265327455,234300
2023-10-09,26.94889259338379,27.43682563028562,26.79875962660263,27.192859111834707,277900
2023-10-10,27.662029266357422,27.690179873036023,26.958280206930056,27.014581420287257,243300
2023-10-11,27.981060028076172,28.121809470505326,27.568193445854554,27.6526434692573,192500
2023-10-12,27.981060028076172,28.103044190647363,27.624494654607226,27.981060028076172,179300
2023-10-13,28.68480682373047,29.407322839616285,28.168724977941245,28.168724977941245,367500
2023-10-16,28.08427619934082,29.02260817104094,27.971675575257276,28.853708129778727,218900
2023-10-17,28.234407424926758,28.431456267724876,27.938832371003492,27.943525032818357,180800
2023-10-18,27.905988693237305,28.55343816364514,27.77462280841361,28.07488871071117,202900
2023-10-19,27.464975357055664,27.95290837840103,27.305458861220682,27.72770714568311,181000
2023-10-20,27.174091339111328,27.830924394046168,27.089643113496482,27.540042002164096,219400
2023-10-23,27.089645385742188,27.361760732656283,26.57637695588941,26.958277689900605,176400
2023-10-24,26.507877349853516,27.33267085447076,26.437501738343975,27.127176288123326,134300
2023-10-25,26.348360061645508,26.78937541672518,26.179460030845522,26.376510663354203,323900
2023-10-26,26.39527702331543,26.57356059532575,25.963645184447067,26.348361141604055,274400
2023-10-27,26.029329299926758,26.64862827281564,25.841663974954333,26.64862827281564,160800
2023-10-30,25.578929901123047,26.3108294872938,25.33496337239946,26.085628237913404,220200
2023-10-31,25.41002655029297,25.841660134054827,25.297425940264578,25.635225980623773,236600
2023-11-01,24.424779891967773,25.471019741017322,23.941537748617204,25.410027666667045,434100
2023-11-02,25.175447463989258,25.269281021843483,24.76258088326641,24.800115022298602,394500
2023-11-03,25.59769630432129,25.88857870842546,25.34434624765338,25.653995720338767,196600
2023-11-06,25.503862380981445,26.22637840333623,25.503862380981445,25.54139472787297,635800
2023-11-07,24.725048065185547,25.597697094150224,24.03631130275821,25.560162955829657,457300
2023-11-08,23.04543113708496,24.59367842584348,21.712999757423617,22.31353339497698,1023400
2023-11-09,22.820232391357422,23.85708875083933,22.763932976335067,23.223715410090943,367500
2023-11-10,23.04543113708496,23.280014113858254,22.801464626473607,22.848382295663914,399300
2023-11-13,23.19556427001953,23.242481939555674,22.754548914736343,22.98913189323878,382300
2023-11-14,24.678131103515625,24.771964662295122,23.32693430010543,23.32693430010543,614000
2023-11-15,24.274648666381836,25.01592998637489,24.030682141273967,24.68751344143252,368100
2023-11-16,24.4810791015625,24.706278539919648,23.899312543512004,24.11513023794789,306500
2023-11-17,24.89394760131836,24.940863483537605,24.424781620221168,24.80949758154277,306800
2023-11-20,25.288043975830078,25.485092804501406,24.753193320023694,24.78134391971644,177600
2023-11-21,26.315521240234375,26.883211675632513,25.64461371122702,26.151313854698145,388500
2023-11-22,26.11377716064453,26.376510741526072,25.879194181555118,26.348360139733945,256000
2023-11-24,26.104394912719727,26.564177359618554,26.048095496088045,26.292062021126924,75200
2023-11-27,26.367124557495117,26.49849043986955,25.991792186621083,26.104391003020336,184900
2023-11-28,26.855060577392578,27.333608285901644,26.029327478181468,26.376511079157392,292000
2023-11-29,26.81752586364746,27.2679247500304,26.64862583382234,26.948891758077632,274100
2023-11-30,26.89259147644043,27.267923869641333,26.66739204051989,26.939507354443283,249700
2023-12-01,27.97167205810547,28.05612206811785,26.75184136416703,26.93012491749606,402000
2023-12-04,28.666040420532227,28.670733082539343,27.647951111580536,27.793393208456276,298600
2023-12-05,27.718326568603516,28.694190862655336,27.60572594750369,28.619124378497503,281100
2023-12-06,27.530656814575195,28.40330572752983,27.38990739403677,27.91537273258569,206400
2023-12-07,27.596343994140625,27.924760552291982,27.389911598312526,27.727709901510664,181800
2023-12-08,27.72770881652832,28.060818023894797,27.5212764287779,27.58695937989275,230200
2023-12-11,26.9676570892334,27.83561512222696,26.920741212736868,27.586955965562638,231500
2023-12-12,26.179462432861328,26.873827897850337,26.160695363333616,26.873827897850337,360600
2023-12-13,28.206256866455078,28.206256866455078,26.057477711558604,26.273293622494837,321700
2023-12-14,28.375158309936523,29.135206697867755,28.31885889335211,28.590974231615263,256500
2023-12-15,27.97167205810547,28.82555390180757,27.924756181310137,28.731722148216903,271100
2023-12-18,27.361759185791016,28.356390539561637,27.34299211748516,28.18749229398734,200400
2023-12-19,28.28132438659668,28.525290908245715,27.652641908811976,27.78400959876217,230200
2023-12-20,28.04673957824707,28.853705575175702,27.999823699706308,28.309473151363054,228000
2023-12-21,28.92877197265625,29.09767199848579,28.300089537471866,28.525288975335908,223100
2023-12-22,28.975690841674805,29.416708019020007,28.712959031912956,29.097675001686714,187400
2023-12-26,29.163354873657227,29.369787243768794,28.82555482281463,28.914697497190335,169200
2023-12-27,29.63252067565918,29.726354221531075,29.05919984015588,29.210270614098672,139600
2023-12-28,29.623140335083008,29.848339795613466,29.46831648897354,29.60437326594058,137300
2023-12-29,28.384536743164062,29.576218550014577,28.22502026673741,29.576218550014577,180400
2024-01-02,27.6151065826416,29.031987888383608,27.516582168101422,28.234405459359834,315900
2024-01-03,26.761226654052734,28.037356841854734,26.735891291440833,27.333607905375462,316300
2024-01-04,27.464975357055664,27.72770714568311,26.714308757356772,26.836292907556157,262100
2024-01-05,27.352378845214844,27.98106138905492,27.05961898847586,27.258545282455987,174600
2024-01-08,27.511892318725586,27.57757526846612,26.507877424746248,27.1928593145063,203500
2024-01-09,26.920745849609375,27.464978343448063,26.695546382130566,27.324228899989592,219200
2024-01-10,26.733078002929688,26.916052453409254,26.160694920115677,26.72369446832481,327500
2024-01-11,25.888580322265625,26.855062937732733,25.86981325251451,26.648628749923017,195700
2024-01-12,27.060606002807617,27.812027046028366,26.31391188720917,26.31391188720917,336900
2024-01-16,27.022796630859375,27.088959187954917,26.512396671331835,26.644723588317383,237800
2024-01-17,26.814857482910156,26.871567989808373,26.200486747467203,26.46513878431639,188200
2024-01-18,26.69198226928711,27.004837421693644,26.370619729698408,26.862115590574597,176100
2024-01-19,25.879125595092773,26.824309173921204,25.784608679445615,26.824309173921204,253600
2024-01-22,26.295007705688477,26.370622322272983,25.898030517921157,25.98309718692806,235300
2024-01-23,26.61636734008789,26.83375911343255,26.049256876880317,26.58801118594945,169800
2024-01-24,26.27610206604004,27.051154094253274,26.191035402001933,27.051154094253274,120900
2024-01-25,25.74679946899414,26.597464296276517,25.671184857742254,26.597464296276517,145700
2024-01-26,25.51050567626953,26.077616208579595,25.491601571207102,25.98309748606214,189200
2024-01-29,26.66362762451172,26.68253172856835,25.30256458273692,25.472697913657417,201400
2024-01-30,25.661733627319336,26.588013095500223,25.661733627319336,26.57856284623649,141300
2024-01-31,25.491601943969727,26.57856456462308,25.406535272739557,25.42543937807842,180400
2024-02-01,26.31390953063965,26.31390953063965,25.49159906908456,25.52940727549836,190900
2024-02-02,25.70899200439453,26.030354539659047,25.501050479932513,26.030354539659047,160000
2024-02-05,25.198593139648438,25.538859792393925,24.659838807997776,25.482147481739986,287700
2024-02-06,25.623926162719727,26.512397385942492,25.382903352181522,26.011451267119863,286300
2024-02-07,24.74490737915039,25.113528412850982,23.336584006289883,24.574774039659445,682300
2024-02-08,24.896133422851562,25.226948006930566,24.499156282515646,24.574770890065608,282500
2024-02-09,25.019004821777344,25.491596538263618,24.67874001180737,25.047360973772477,243300
2024-02-12,25.926382064819336,26.101240496552737,24.84887351939984,24.84887351939984,215400
2024-02-13,24.565319061279297,25.407478270335428,24.38573369067358,25.255302586771716,319400
2024-02-14,24.622032165527344,24.792165502711384,24.281767293953916,24.773261397958787,213800
2024-02-15,25.094623565673828,25.10785607822979,24.253410748396938,24.6503879278704,236800
2024-02-16,24.47080421447754,24.97175219988485,24.281768565436955,24.97175219988485,303600
2024-02-20,24.045469284057617,24.36494069406121,23.861158785871144,24.31011951620456,230100
2024-02-21,23.601232528686523,23.9273220063158,23.23261152210861,23.84698046733665,305700
2024-02-22,23.147546768188477,23.639042686034884,23.11919061042225,23.629590633446142,241000
2024-02-23,23.941499710083008,23.98875816737456,22.89234537250038,23.21370792990777,232900
2024-02-26,23.818628311157227,23.846982666404372,23.506717783875644,23.82807856104313,161300
2024-02-27,24.31011962890625,24.59367576825689,23.90369222725432,23.969854785597786,216800
2024-02-28,24.092727661132812,24.432994304558573,23.790269223774132,24.102179712649583,204200
2024-02-29,24.28176498413086,24.76380879269927,23.610683751608153,24.603127523176468,625900
2024-03-01,25.529409408569336,25.529409408569336,24.045471435935127,24.622032209563184,550500
2024-03-04,25.879125595092773,26.49160523202437,25.642829700385665,25.784608679445615,285700
2024-03-05,26.228845596313477,26.833762539478297,25.482149667149045,25.90748301955849,347900
2024-03-06,26.540754318237305,26.68253149181487,26.01145202891026,26.29500637606539,238700
2024-03-07,26.59746742248535,26.94245923954634,26.47459434080675,26.805408979964948,167800
2024-03-08,26.94718360900879,27.221285904943027,26.545479512884967,26.928279505069995,253300
2024-03-11,26.94718360900879,27.479321695603325,26.81485848702637,27.1267689908382,174500
2024-03-12,26.436784744262695,26.947184755559263,26.329035313375098,26.947184755559263,119900
2024-03-13,27.022796630859375,27.174025847876173,26.370619505727895,26.370619505727895,158200
2024-03-14,26.238298416137695,26.9944446172043,25.94529198857373,26.833763324128302,138500
2024-03-15,26.247745513916016,26.650392433644257,25.58611636078991,26.068160149017032,348200
2024-03-18,26.0587100982666,26.498220591776416,25.898028823189954,26.276101881371904,171900
2024-03-19,25.945289611816406,26.62204067019543,25.519956285933024,25.75625217746944,138400
2024-03-20,27.20238494873047,27.372516484207495,25.82241594047816,25.898030557177282,273400
2024-03-21,27.174028396606445,27.50484301590667,26.899924288307943,27.344161732406253,175600
2024-03-22,26.55965805053711,27.041701876192345,26.22884344828808,27.041701876192345,201900
2024-03-25,26.852663040161133,27.400869397016027,26.616367165606533,26.616367165606533,250600
2024-03-26,26.777050018310547,27.211835390694684,26.34226644872097,27.211835390694684,192900
2024-03-27,28.40276336669922,28.40276336669922,26.975537872539245,27.117315036545165,350000
2024-03-28,29.007680892944336,29.347945712653097,28.166466387622062,28.516185061060774,410900
2024-04-01,29.39520835876465,29.69766680213186,29.064393760283814,29.33849785133193,332300
2024-04-02,28.979328155517578,29.43774276455061,28.828098928313924,29.36685327557626,196600
2024-04-03,29.9339656829834,30.10409902510775,28.74303409090764,28.969877946141875,264900
2024-04-04,29.036039352416992,30.661754484740598,28.96987678929839,30.075741666151874,378800
2024-04-05,30.935861587524414,32.06062887503101,28.960427541003003,28.960427541003003,614900
2024-04-08,36.899967193603516,37.39146307941705,33.090874979945916,33.194845748851165,1758300
2024-04-09,35.671226501464844,38.17596058678044,35.175003726945825,37.27803555010211,1178000
2024-04-10,37.608856201171875,38.55403979845337,34.66933463673216,34.8489182222035,1262700
2024-04-11,37.8546028137207,38.73362385840755,37.419819218986596,38.28938640845482,948400
2024-04-12,38.44062042236328,40.15140426517555,37.93022395035075,38.27994091955688,1160000
2024-04-15,36.92084884643555,38.72557411200351,36.37943199144674,38.630586473947986,668900
2024-04-16,35.61954879760742,37.30079193566344,35.60055127010642,36.72138002881043,926000
2024-04-17,34.916648864746094,35.98998543476044,34.72668086870017,35.448568674533576,744800
2024-04-18,35.030635833740234,35.885502730662886,34.92615125643239,35.021135259399095,400800
2024-04-19,36.07547378540039,36.1704614102616,34.774174123764716,34.89765622438058,358400
2024-04-22,35.344085693359375,35.71452837509124,35.06862701392532,35.61954437279343,345600
2024-04-23,35.847511291503906,36.52190713320078,35.14461735020062,35.2775964036724,420400
2024-04-24,36.30344772338867,36.39843174384201,35.03064228291014,35.600553652446386,298800
2024-04-25,36.60739517211914,37.23334969647164,35.714529577467545,36.04698084351715,423100
2024-04-26,38.10816955566406,38.20315719972444,36.56940595596725,36.56940595596725,547600
2024-04-29,38.99153137207031,39.532948214844424,38.17465582026156,38.17465582026156,645100
2024-04-30,38.060672760009766,38.90604275711493,37.82320911482707,38.70657416477931,594700
2024-05-01,38.735069274902344,39.33347868508347,37.433769492616925,37.99418384933087,505800
2024-05-02,39.28598403930664,39.684921203673944,38.374124557832104,39.010525355296366,474600
2024-05-03,39.247989654541016,39.84639903465613,39.02952354319273,39.63742987449362,333400
2024-05-06,39.096012115478516,40.264332746760736,39.086515164525025,39.703918431910814,397800
2024-05-07,38.317134857177734,40.00787489222839,38.3076379054404,39.21949745535034,501200
2024-05-08,36.23695755004883,36.65489230549878,33.24491385384,33.41588798638954,1496200
2024-05-09,38.811058044433594,39.36197180709275,36.21795552088227,36.2844450504548,669200
2024-05-10,35.296600341796875,39.03902653784705,35.02114161046868,38.77306838258293,840200
2024-05-13,35.258602142333984,36.36043334605043,35.09712859771544,35.458074364414486,389500
2024-05-14,37.8042106628418,37.88020076667547,35.4865668470284,35.524561898945244,573400
2024-05-15,35.4295768737793,36.96834035545852,35.19211321695315,36.22745490565146,663300
2024-05-16,35.23011016845703,35.52456642320184,34.74568587674968,35.42957878131253,463500
2024-05-17,36.825862884521484,37.00633395217223,35.724031705195046,35.914003347852926,494600
2024-05-20,37.31028366088867,37.6332343363476,36.502908783945045,37.04432555994863,346600
2024-05-21,36.721378326416016,37.64273843875728,36.56940173686147,37.40527479111532,236400
2024-05-22,37.26279067993164,38.155652583454454,36.778366491194454,37.12981163296094,342200
2024-05-23,36.455421447753906,37.85170527974079,36.44592087241488,37.25329947606406,295000
2024-05-24,36.09447479248047,37.22670275088412,36.02798526036694,36.70238115660859,266700
2024-05-28,37.481266021728516,38.16991286116181,36.13247407151405,36.46492177095898,294700
2024-05-29,36.521907806396484,37.46226177237014,36.227451594418895,37.12981413256279,207300
2024-05-30,36.09447479248047,37.044329392282584,35.94249820144844,36.778371263828475,168800
2024-05-31,36.03748321533203,36.61689511708712,35.68603801817535,36.569403110456406,279900
2024-06-03,35.19211196899414,36.57889880606364,35.02113785226965,36.57889880606364,309800
2024-06-04,33.4681282043457,35.6005508173558,33.44438038941949,35.11612655416848,619100
2024-06-05,33.70083999633789,34.18526786027947,32.95995458490685,33.60585598789051,526000
2024-06-06,34.30875015258789,34.31825072853116,33.34939851657698,33.46338006403981,453700
2024-06-07,33.28290557861328,34.280252169697874,33.19741852089702,33.75783287183525,313000
2024-06-10,33.52986526489258,33.85281596043668,33.06443855930136,33.282904673433016,165600
2024-06-11,32.61800765991211,33.20691650730566,32.314054472650426,33.19741955544464,503100
2024-06-12,32.323543548583984,33.64384056343844,32.152569469482714,33.49186400683808,294600
2024-06-13,31.782127380371094,32.266555153875125,31.5874091123835,32.19056506257764,350500
2024-06-14,30.917768478393555,31.986354971587396,30.77054216548851,31.677651482205356,309900
2024-06-17,30.974760055541992,31.26446600748509,30.604317329688943,30.94626557614033,216700
2024-06-18,31.734634399414062,31.76312887106216,30.50932139084963,30.974751627074177,248700
2024-06-20,32.36154556274414,33.17842108916535,32.20007202182296,32.26656155319141,492500
2024-06-21,31.76313591003418,32.13358224058777,31.582664843924235,32.13358224058777,581400
2024-06-24,32.2950553894043,32.6465005658525,31.63965704034019,32.19057080692865,331500
2024-06-25,31.934110641479492,32.448931660820946,31.74413899677395,32.19057181832081,246700
2024-06-26,31.54467010498047,31.93411034244661,31.326203983807535,31.715644221273674,243900
2024-06-27,30.737295150756836,31.886618336482744,30.566321034469443,31.886618336482744,364900
2024-06-28,30.74679183959961,31.345201241491324,30.423841136417636,30.82278194548134,668000
2024-07-01,30.851274490356445,31.17422517330248,30.613810859466934,31.01275164353319,228600
2024-07-02,30.6803035736084,30.960512571340704,30.31935961430765,30.7182986281158,250600
2024-07-03,31.459184646606445,31.525674181500758,30.71354889951344,31.01275542994575,195600
2024-07-05,31.88661766052246,32.67499869373572,31.10773720212805,31.630156491528062,537100
2024-07-08,31.68714714050293,32.048092870077625,31.47817798810588,31.85812124275371,221300
2024-07-09,32.02909851074219,32.04809603769303,31.23122049584587,31.630157691590142,295500
2024-07-10,32.61800765991211,33.24491156156532,31.858124691757894,32.05759329150941,391100
2024-07-11,33.919307708740234,34.03803953658383,32.589513410936675,33.27340627539846,389900
2024-07-12,34.09028625488281,34.63170317024108,33.95255688190104,34.147278844070954,316400
2024-07-15,34.37523651123047,34.77037637085748,33.96679874523924,34.40373461301646,251800
2024-07-16,35.486572265625,35.84751806713416,34.574712620830624,34.58420957355617,362500
2024-07-17,34.850162506103516,35.60054847821027,34.63169639208653,35.4295743675174,385100
2024-07-18,35.03162384033203,35.203535043429085,34.49678858144486,34.706903083733955,323000
2024-07-19,34.945674896240234,35.06028117238272,34.39651420635292,34.802414318611255,327800
2024-07-22,35.480506896972656,35.49960490513127,34.30577901550591,35.10803015906485,266500
2024-07-23,35.94847869873047,36.20634548571119,35.33724052659849,35.56645666278143,342800
2024-07-24,35.51870346069336,36.7411835425384,35.51870346069336,35.78612291408265,279000
2024-07-25,34.97431945800781,35.26083692005445,33.95431394131597,35.165332313794636,334600
2024-07-26,36.67433166503906,36.731632974297526,35.52825811739396,35.59511207370708,295800
2024-07-29,36.06309509277344,36.84624831985972,35.34775765460032,36.84624831985972,162700
2024-07-30,35.996238708496094,36.492870740552576,35.61421659071488,36.158600932085555,187100
2024-07-31,36.71253204345703,37.15186273490312,36.26365599130382,36.45466521693458,256500
2024-08-01,34.907466888427734,36.7984865848012,34.32774654605541,36.483318457039296,286800
2024-08-02,33.70409393310547,34.34398287148194,33.13105531089579,34.34398287148194,401700
2024-08-05,32.959144592285156,33.06993271672707,30.32317854829041,31.240035985917487,535500
2024-08-06,33.197906494140625,33.781448607880996,32.70127816366422,33.14060518699878,208700
2024-08-07,32.60577392578125,34.0097144158154,32.38611038707994,33.65634295297134,209000
2024-08-08,33.236106872558594,33.43666871645771,32.772901916458075,33.2456595184206,170500
2024-08-09,32.2619514465332,33.36982178719561,32.18554847990184,33.36982178719561,246900
2024-08-12,33.06420135498047,33.54173171857226,32.60577264312445,32.60577264312445,245400
2024-08-13,33.312522888183594,33.766175326728835,32.8120690295581,33.01645271826134,290500
2024-08-14,32.60577392578125,33.56083469053532,32.24284981505975,33.56083469053532,163600
2024-08-15,32.89228820800781,33.422347172040894,32.86363755371435,33.24566327954142,127600
2024-08-16,34.09566879272461,34.31533232345229,32.9686968397617,33.016449147612484,318800
2024-08-19,34.52544403076172,34.73555489680223,34.18162161308256,34.28667886773644,266500
2024-08-20,34.601844787597656,35.09847673229427,34.43948623583549,34.75465433648377,210900
2024-08-21,35.461402893066406,35.71449338195437,34.50634224472405,35.02207222594582,284700
2024-08-22,34.58274841308594,35.44230453371037,34.15297035277372,35.10803108979306,497400
2024-08-23,35.8720817565918,35.94848471927058,34.64960156432379,34.81196378032589,329400
2024-08-26,35.11758041381836,36.57882203731846,34.964770856088066,36.29230457198257,595400
2024-08-27,34.98387908935547,35.117587022121754,34.25803082109861,35.088936363176956,264000
2024-08-28,34.36308670043945,34.99342667452077,34.200728115317006,34.50634727588566,237800
2024-08-29,34.10521697998047,34.840614161722016,34.07656632460985,34.840614161722016,370700
2024-08-30,37.218711853027344,37.486127648752635,33.42712019633993,35.86252393913416,1012900
2024-09-03,38.13557434082031,39.34850187650191,36.76983723767388,37.056354721262004,821500
2024-09-04,38.5080451965332,38.703834378958206,37.73444475684996,38.07826717448696,372700
2024-09-05,41.573795318603516,41.69795424230174,38.71816557641899,39.014232091733774,720900
2024-09-06,41.88896560668945,41.96536857315473,41.00075880651616,41.60244810672626,697400
2024-09-09,41.67885208129883,42.309192053771284,41.24907399932493,42.15638247387698,314300
2024-09-10,41.783905029296875,41.965365248133566,41.172666772933944,41.76480337837711,262900
2024-09-11,42.146827697753906,42.19458000181928,40.026591879192345,41.54513846538182,420600
2024-09-12,43.82773208618164,44.692060797554255,42.40469377607426,42.40469377607426,525600
2024-09-13,44.81144714355469,45.250777842754886,44.08560260085144,44.3625710834789,339800
2024-09-16,42.7962760925293,45.260331081200256,41.93671990853486,44.81145133586229,549900
2024-09-17,42.433345794677734,43.45526041855376,41.879408858156424,43.01593338540969,320800
2024-09-18,41.31592559814453,43.111440791588684,41.21087197813491,42.194583364698396,594500
2024-09-19,41.47828674316406,42.64250379070946,41.05806134420042,42.3855951423015,526100
2024-09-20,41.1153564453125,42.901318675263184,41.01029920062124,41.35412158569558,720200
2024-09-23,40.943450927734375,41.459184576829045,40.590079491103175,41.115362144099265,291700
2024-09-24,41.01985549926758,41.65019538027974,40.48502022560653,40.9434488987729,265500
2024-09-25,41.58334732055664,41.669302936662994,40.88328613520217,40.94345470214984,223200
2024-09-26,42.7198600769043,43.03980450259224,41.87940573122715,42.07041857932656,206900
2024-09-27,42.96818161010742,44.22886141665297,42.76284341811044,43.24514643851363,262200
2024-09-30,42.17548370361328,43.00638555824762,41.927169505001864,43.00638555824762,155200
2024-10-01,42.433345794677734,42.52885040422477,41.25862160956605,42.347390188778476,294300
2024-10-02,42.67211151123047,42.958628986827904,41.9462633535651,42.3282890832066,253200
2024-10-03,42.595703125,42.60525577163823,41.9558142443928,42.28053500801551,232500
2024-10-04,42.04177474975586,43.3454306363013,42.022673097519416,43.07323846765034,237900
2024-10-07,40.379966735839844,42.15638028700142,39.51086161216341,41.96536741122546,260000
2024-10-08,39.93854904174805,40.36077536408295,39.36279053385194,40.303198049060015,270700
2024-10-09,39.13248825073242,39.82340144722772,38.9597599516086,39.775422177600795,176600
2024-10-10,39.66986083984375,39.66986083984375,38.63349116914761,39.28601940760447,213200
2024-10-11,40.23603057861328,40.658253284789254,39.756230551356346,39.76582494124466,197900
2024-10-14,40.21683120727539,40.45673117955944,39.72647414112423,40.101680245542305,71700
2024-10-15,39.78500747680664,40.64864877509214,39.75622065372472,40.2360205615316,135800
2024-10-16,41.05168914794922,41.43553063386887,39.871381520534285,40.226432515630556,159400
2024-10-17,40.89814758300781,41.13804756311088,40.317590070428366,41.13804756311088,135700
2024-10-18,41.79058074951172,42.83750400592828,40.97012315969352,41.15724487348099,225600
2024-10-21,40.01531982421875,42.22239904202616,39.81380470733092,42.19361221406602,211200
2024-10-22,39.468345642089844,40.41834751073742,39.468345642089844,40.08248900375761,143700
2024-10-23,37.9329833984375,39.353190830742015,37.510760754428,39.24763791517701,311700
2024-10-24,37.94258117675781,38.48859375776467,37.587526575777794,38.24965285395238,242500
2024-10-25,37.47237777709961,38.54712870937884,37.27086266365663,38.086521166973455,151200
2024-10-28,37.97137451171875,38.20168013938586,37.70268766326026,37.74107254463541,100400
2024-10-29,37.70267868041992,38.25924468542001,37.29964484317313,37.750657940415685,122800
2024-10-30,37.52035140991211,38.163285191309726,37.42919191642187,37.501162634869914,107500
2024-10-31,37.280452728271484,37.54914317561205,36.88701693598369,37.280452728271484,333500
2024-11-01,35.77388381958008,37.760255359654586,35.39004604821576,37.60671951899222,420500
2024-11-04,36.32085418701172,36.57994659526018,35.716308895015025,35.88903716718067,187100
2024-11-05,36.11933898925781,37.00696814839598,36.07135972725254,36.493582357715184,198300
2024-11-06,36.109745025634766,36.81025250878016,35.121354645907,35.31327535676755,340700
2024-11-07,30.313764572143555,34.53600609567324,30.054672129234895,32.09862118290307,1378600
2024-11-08,30.30416488647461,31.566039272356736,29.824364934611307,30.572853518423024,793800
2024-11-11,30.045074462890625,30.141034825676435,28.336987692528254,30.141034825676435,622900
2024-11-12,29.210222244262695,30.36174105667043,29.075877010096423,29.57486941061891,380200
2024-11-13,29.02789878845215,30.208206299919212,28.768806359995963,29.392545967904372,414700
2024-11-14,28.356178283691406,29.18623386553841,28.010723540279905,28.922342410464207,339600
2024-11-15,27.732437133789062,29.027897383058242,27.348597534451567,28.71122948481836,300100
2024-11-18,27.72283935546875,28.151780975865407,27.588495960831022,27.828395925707813,330100
2024-11-19,28.87436294555664,29.219819516882676,27.415770566948567,27.655670556971273,427400
2024-11-20,29.5844669342041,29.74759900194255,28.4905235566002,28.74961415688576,302900
2024-11-21,28.70163345336914,29.747597512322518,28.634461751833133,29.603657890417985,208500
2024-11-22,28.53849983215332,28.749611144041705,27.972335764056997,28.749611144041705,231800
2024-11-25,29.00870704650879,29.12385984979591,28.068299502448887,28.615271199906346,223600
2024-11-26,28.663249969482422,28.941532990198322,28.394561337160546,28.7688047144408,192700
2024-11-27,29.248607635498047,29.680428368718605,28.81678873256924,28.99911141522525,246700
2024-11-29,29.075876235961914,29.814768598183058,28.93769471426866,29.267796948065854,85300
2024-12-02,28.77840232849121,29.123858896756246,28.16905613959779,29.123858896756246,179200
2024-12-03,28.509714126586914,28.711231071306504,28.231431088049572,28.711231071306504,194600
2024-12-04,28.557695388793945,29.267799148499588,28.068299183397144,28.28900673770599,256400
2024-12-05,28.8935546875,29.104666014725783,28.336986797276,28.586483000520087,164700
2024-12-06,27.588499069213867,29.031737142317276,26.782434949985674,28.893555610876973,529500
2024-12-09,27.636478424072266,28.72082741592775,27.559710499627855,27.626884035021945,231400
2024-12-10,27.44455909729004,27.775620423079967,27.243042154854503,27.48294214376387,165300
2024-12-11,27.185466766357422,27.818802592899694,27.108698842845985,27.406174317666345,259000
2024-12-12,27.05112075805664,27.665264087126328,26.705664220309192,26.97435284192293,246800
2024-12-13,27.271831512451172,27.377388095974087,26.168291901200387,26.782435302879076,319700
2024-12-16,26.868799209594727,27.271831270950315,26.48495958694457,27.214255785125715,328600
2024-12-17,26.149097442626953,27.022333210801445,26.091521960739506,26.667282270488688,335500
2024-12-18,25.957176208496094,26.998343037532894,25.669296974543066,26.398593108221142,315800
2024-12-19,24.99757957458496,26.36980788426786,24.776872011147063,26.03394751408875,558100
2024-12-20,24.748083114624023,25.371822704108727,24.546566177235405,24.911213345916863,555500
2024-12-23,24.32585906982422,24.824851482504798,24.162727005305246,24.6425269797385,317200
2024-12-24,24.90161895751953,24.978386878837046,23.99959450932001,24.306666194590072,151800
2024-12-26,25.295055389404297,25.35742806864442,24.335455434787036,24.863234677709865,148400
2024-12-27,25.06475067138672,25.299851626407513,24.680909239832488,25.151112980165667,162400
2024-12-30,25.045560836791992,25.194297668200797,24.251011040821975,24.949600468930058,206700
2024-12-31,26.293039321899414,26.331424199983907,25.199095920575544,25.275863846452804,262100
2025-01-02,26.657686233520508,27.050161148221072,26.099198381501132,26.39859381782338,276800
2025-01-03,27.07990837097168,27.20465738225259,26.38899710565583,26.753644260332976,151400
2025-01-06,26.504150390625,27.10869753021839,26.28824004423751,27.060718266706317,310200
2025-01-07,26.388999938964844,27.026173912863435,26.139503719906894,26.532939572573575,183200
2025-01-08,26.71526336669922,26.782435071892035,25.419803038450777,26.197078503283166,178000
2025-01-10,26.945566177368164,27.060718975220325,26.312230364910345,26.571322787358987,198900
2025-01-13,26.60970687866211,26.945567236111586,26.009956894035078,26.945567236111586,160200
2025-01-14,26.851348876953125,27.01566605639336,26.508214696282916,26.909342633347244,182400
2025-01-15,26.986669540405273,27.51828299375302,26.957671739034385,27.440957367019013,187600
2025-01-16,26.725696563720703,27.020501110571665,26.503385603127295,26.870681892647337,151000
2025-01-17,26.368064880371094,26.745027085309353,25.662466452917826,26.682199436623517,180700
2025-01-21,26.55171012878418,26.943172127421445,26.310067329435107,26.48405043994056,184700
2025-01-22,26.097423553466797,26.58554121986203,26.058759818835554,26.51304948281096,171500
2025-01-23,26.53238296508789,26.61937452971481,26.039431380064826,26.039431380064826,165900
2025-01-24,26.358400344848633,26.61937504376915,26.000768145188463,26.48405380529824,120100
2025-01-27,26.252073287963867,26.60487154994166,25.536810830908976,26.387392664177753,155200
2025-01-28,25.981433868408203,26.561376975509507,25.89541019402911,26.25207447667903,126900
2025-01-29,26.174747467041016,26.319732775247953,25.74945563185754,25.894442783652696,158700
2025-01-30,27.286306381225586,27.57627886701397,26.406726677152083,26.406726677152083,331100
2025-01-31,27.228313446044922,27.745428941233786,26.783689691807098,27.286307207523443,223800
2025-02-03,26.986669540405273,27.692266114801626,26.58070953915465,26.841684220727558,298000
2025-02-04,26.745025634765625,27.440956246965996,26.38739347347553,27.112321885863192,455600
2025-02-05,26.783687591552734,27.769590677319755,26.72086178970603,26.76435756830129,483400
2025-02-06,27.353965759277344,27.6439382417206,26.648369186098964,26.948005758727472,414600
2025-02-07,27.624603271484375,29.16145154069684,25.27583509236388,27.54727765356876,786700
2025-02-10,28.098224639892578,28.596008220617065,27.446755854076557,27.65360277042765,337700
2025-02-11,27.769590377807617,28.417193161247635,27.576277242260137,28.08855880286982,240600
2025-02-12,27.730932235717773,28.12722633727218,27.20511682253642,27.450625662448864,206700
2025-02-13,28.030567169189453,28.388199354595944,27.532783549064206,27.779258414717834,328100
2025-02-14,26.658035278320312,28.270275432138813,26.426058397139922,28.049898408991044,308600
2025-02-18,26.764358520507812,27.3249697736872,26.483085931824068,26.783688544446967,338700
2025-02-19,26.290739059448242,27.179984694083387,26.271407191750257,26.725695021122636,229900
2025-02-20,26.53238296508789,27.063996443507115,26.290740139699434,26.290740139699434,351600
2025-02-21,25.875110626220703,27.01566490015769,25.61413596823413,26.84168179483331,319800
2025-02-24,25.63347053527832,26.00076680687735,25.299036226753202,25.923441178983428,233500
2025-02-25,26.416391372680664,26.51884879218917,25.3145007716694,25.54647764327239,335600
2025-02-26,26.49371910095215,26.9190109877995,26.271408145122933,26.271408145122933,260900
2025-02-27,26.445388793945312,26.493716616824326,25.87511163474925,26.377729104479382,216400
2025-02-28,26.271408081054688,26.387395603992097,25.933107759241775,26.377731513404342,260300
2025-03-03,25.31450080871582,26.474385168428185,25.246841118181138,26.474385168428185,285900
2025-03-04,25.64313507080078,25.962103498917255,24.86021105703356,25.13085166169747,207000
2025-03-05,26.174747467041016,26.26173902068282,25.701127810317967,25.846113118524904,195500
2025-03-06,26.30040168762207,26.571042289583325,25.942771373032553,26.116754485465624,249200
2025-03-07,26.745025634765625,26.986668438894846,25.71272680859287,26.38739347347553,177600
2025-03-10,26.522714614868164,27.5376136516164,25.884777761439853,26.967336488159532,226200
2025-03-11,26.43572425842285,27.49895301027309,26.02009832276962,26.6870330065757,216200
2025-03-12,25.952438354492188,26.38256226449644,25.62477002327039,26.36806428573757,171200
2025-03-13,26.387393951416016,26.94800519340632,25.667299414477704,25.952438002258273,225200
2025-03-14,26.822351455688477,26.996334570915717,26.43088944642718,26.706362097674212,195400
2025-03-17,27.02532958984375,27.392627674485322,26.580707727327177,26.98666770090625,141500
2025-03-18,27.84691619873047,27.924241822216885,26.348731552335533,26.95767060684253,279400
2025-03-19,28.378530502319336,28.504183944839706,27.692264004219417,27.866247112007798,231100
2025-03-20,28.39786148071289,28.890813021510017,28.037331199260368,28.185216477140678,193100
2025-03-21,27.469953536987305,28.34856713995009,26.890010449130095,28.059562558060765,759800
2025-03-24,27.363632202148438,27.933909400282925,27.153887150482706,27.421627805869107,137800
2025-03-25,27.237977981567383,27.556946418703046,27.00600110397675,27.344301408475385,174700
2025-03-26,26.667701721191406,27.46028987458397,26.580710158639693,27.26697488144941,131000
2025-03-27,27.46028709411621,27.51828084874911,26.508213891250726,26.62903528882906,147500
2025-03-28,25.56580924987793,27.721262606386386,25.15018333447468,27.508615760223826,347400
2025-03-31,24.521913528442383,25.314501661854372,24.106287594192594,25.17918043263617,365100
2025-04-01,24.396257400512695,24.628234272357314,23.934235737358893,24.396257400512695,243000
2025-04-02,24.425254821777344,24.505480408871957,23.869475640807934,24.164280153656666,230900
2025-04-03,22.434118270874023,23.78248563372886,21.361225415813824,23.632668266915026,507000
2025-04-04,21.535207748413086,22.36065967040407,20.568636514808002,21.834844314625933,541200
2025-04-07,20.375324249267578,22.086156003480717,20.182009239317814,20.829612125984386,481400
2025-04-08,20.186840057373047,21.48687767855613,20.075684588818802,20.955264247455254,479300
2025-04-09,22.115150451660156,22.395457012553905,19.911369075644473,20.08535220398012,455000
2025-04-10,21.37572479248047,21.68019527835828,20.72328988061653,21.68019527835828,284800
2025-04-11,23.023727416992188,23.376525710239655,21.303231731762814,21.45788298788257,454700
2025-04-14,21.9894962310791,23.371693432006783,21.76718528307226,22.956067493983678,261300
2025-04-15,22.126014709472656,22.46731543254211,21.92123353165526,21.98949330428129,322800
2025-04-16,23.2474308013916,23.530221566154868,22.165020473644635,22.17477213586949,242300
2025-04-17,22.984142303466797,23.51559582366735,22.701351528831896,23.266934938041153,213900
2025-04-21,23.4912166595459,23.65699119665944,22.93538493508855,22.93538493508855,366300
2025-04-22,24.017793655395508,24.349342733183,23.296187386075488,23.686246437547414,252600
2025-04-23,24.19331932067871,24.80766101118151,24.03729644752167,24.349342193835753,203500
2025-04-24,24.437108993530273,24.563878759632015,23.94466207428487,24.261582769659945,169300
2025-04-25,24.33959197998047,24.573628163580583,23.83251854201881,24.18356909754004,142400
2025-04-28,23.744754791259766,24.48098763147165,23.647240027406287,24.193320101070572,271700
2025-04-29,23.4912166595459,24.09580483494396,22.92563327291253,23.725250971952185,331000
2025-04-30,23.754507064819336,23.876400057787517,22.896379352757254,23.188923651844565,171700
2025-05-01,23.61798667907715,24.183570116744807,23.55947856068106,23.813016220316847,176600
2025-05-02,23.627735137939453,24.087028547909114,23.25718129176287,23.8422679761979,261100
2025-05-05,23.47171401977539,23.915404432058384,23.21817637562233,23.627736899263514,324000
2025-05-06,23.549724578857422,23.988540073470038,23.237678831550394,23.491216466222195,215100
2025-05-07,23.286434173583984,23.608231567668234,22.8281172365365,23.608231567668234,320500
2025-05-08,20.195228576660156,22.506320357976552,19.263966258816943,21.170372442880872,1030100
2025-05-09,21.05335807800293,21.23863594971463,19.67352849278969,20.458519671946114,788000
2025-05-12,21.306896209716797,22.184525414568984,20.677927899929244,21.726208416241832,351200
2025-05-13,22.038251876831055,22.149418590696975,21.1801242279968,21.57018326470655,388900
2025-05-14,21.336149215698242,22.126017169461548,21.267889435483035,22.038254063487848,357200
2025-05-15,20.653549194335938,21.21425585059268,20.453644758637537,21.209380949207613,270700
2025-05-16,20.8973331451416,20.955841255756315,20.427313464017775,20.653547180984447,209100
2025-05-19,20.546281814575195,20.83394934142122,20.443892150767134,20.712056353095605,153000
2025-05-20,20.487775802612305,20.673053684656203,20.40001269321991,20.56578724874559,219500
2025-05-21,19.814924240112305,20.443892517541972,19.79542091524485,20.331751189463255,271200
2025-05-22,19.32735252380371,19.79542116693737,19.25909274583915,19.775919701761392,221100
2025-05-23,19.6393985748291,19.77591999270619,19.11282180854156,19.181081587510363,263900
2025-05-27,20.536531448364258,20.877832209203138,19.697908900517874,19.72716202920095,306500
2025-05-28,19.473623275756836,20.484848153498497,19.40536349942759,20.478022175865572,366500
2025-05-29,19.26884651184082,19.756418533314708,19.23959152097411,19.64915209340976,201800
2025-05-30,19.23958969116211,19.483375678713397,18.908040599297202,19.268844679246477,240000
2025-06-02,20.3024959564209,20.33175094336798,19.161577504636526,19.161577504636526,326500
2025-06-03,19.78567123413086,20.195229899223357,19.629646494173482,20.195229899223357,191500
2025-06-04,19.892934799194336,20.14549782321313,19.746663589041162,19.834426687120935,157900
2025-06-05,20.126970291137695,20.39513636211918,19.756416412960622,19.79542120332373,221900
2025-06-06,20.400012969970703,20.58529085452812,20.058712191030075,20.263493402370298,195700
2025-06-09,20.760814666748047,21.08261208156665,20.64867148072907,20.653548241828712,172500
2025-06-10,20.975345611572266,21.326398012416128,20.848575862405585,20.926587300377623,145000
2025-06-11,21.063108444213867,21.26301286772399,20.799819146925593,21.043605119983763,202900
2025-06-12,20.73155975341797,21.238635033092095,20.692553104240233,20.9168376171334,160800
2025-06-13,21.667695999145508,21.940736950777787,20.478021154059267,20.487772815896776,357700
2025-06-16,21.04360580444336,22.10651283034401,20.986072298050793,21.755460422541393,291300
2025-06-17,20.877832412719727,21.31177118518424,20.770565979997432,20.985098845442025,166400
2025-06-18,20.770566940307617,21.160626037353836,20.721810483146648,20.877833377989287,147800
2025-06-20,20.45851707458496,21.05335540512262,20.370753981228937,20.926585665857587,646500
2025-06-23,20.224485397338867,20.69255404921063,20.029457722362043,20.370756618556356,189100
2025-06-24,20.877832412719727,20.892458977203848,20.08796631160522,20.312248980079538,184400
2025-06-25,21.004602432250977,21.10211534327556,20.57553855597249,20.770566237961216,139200
2025-06-26,21.365400314331055,21.38197795221353,20.819320312094824,21.121614366554628,111400
2025-06-27,20.634044647216797,21.365402567680356,20.62429298508456,21.365402567680356,911900
2025-06-30,21.628692626953125,21.849074991070882,20.68280182615537,20.74131180100887,314600
2025-07-01,21.911483764648438,22.53070039263574,21.37515533911712,21.628692987895036,245000
2025-07-02,22.165021896362305,22.545329307785124,21.492173899113297,22.087010453495484,198900
2025-07-03,22.272287368774414,22.330795483420392,21.843223521511913,22.194275929266635,100400
2025-07-07,21.96999168395996,22.34834611523748,21.901730051881405,21.94073669878344,130000
2025-07-08,21.75545883178711,22.35029717708278,21.726205706568827,22.018748118387418,230000
2025-07-09,22.41855812072754,22.511196121992004,21.365402779229775,21.813969942057383,458300
2025-07-10,23.325443267822266,23.46196282511151,22.457565750872963,22.457565750872963,242500
2025-07-11,23.544849395751953,23.608232408706158,22.949036426394883,23.14016379335228,182400
2025-07-14,22.993894577026367,23.549726338439932,22.30154325595038,23.471714895784338,217100
2025-07-15,21.92123794555664,23.179174671317252,21.87248148670346,23.179174671317252,177800
2025-07-16,21.930986404418945,22.043127731345173,21.51167422377515,21.979744716086486,202700
2025-07-17,22.096763610839844,22.2040300495139,21.9017340605124,21.9017340605124,127700
2025-07-18,21.486787796020508,22.30336435768651,21.34905257825807,22.30336435768651,135800
2025-07-21,21.703229904174805,22.13611444541676,21.565494681439414,21.565494681439414,129500
2025-07-22,22.44110107421875,22.568999679112903,21.752423062910342,21.890158289871678,206500
2025-07-23,22.27385139465332,22.716574468478882,22.224660776006843,22.539485238948657,143200
2025-07-24,21.526140213012695,22.137097243442778,21.437597483567842,22.11643696048871,121500
2025-07-25,21.732746124267578,21.752423121458367,21.427760173817276,21.486789288887913,116400
2025-07-28,21.496627807617188,21.772098262539313,21.39824469807283,21.693392150204172,104800
2025-07-29,21.319538116455078,21.69339167269235,21.235911818407534,21.644201057253817,153700
2025-07-30,21.063743591308594,21.526141774173915,20.827625250494275,21.3490544259395,173700
2025-07-31,20.93584442138672,21.585170252105808,20.75875521728123,20.955519540119457,192400
2025-08-01,20.237327575683594,21.004713557165893,20.221587479551662,20.876814955334666,241800
2025-08-04,20.611183166503906,20.675130591414746,20.316033843716443,20.316033843716443,169700
2025-08-05,21.4080810546875,21.496625656767904,20.69480592748495,20.719401233284717,120200
2025-08-06,21.919673919677734,21.939349040434198,21.309700140185505,21.417921748603902,121800
2025-08-07,21.821290969848633,22.372233761604907,21.526141638317167,22.155792419683237,143000
2025-08-08,21.693389892578125,22.549320417085312,21.644199281176068,21.95902369775293,204000
2025-08-11,21.55565643310547,21.94918698584211,21.255588800237,21.722907152581254,151600
2025-08-12,22.559160232543945,22.657543337597016,21.644200545603184,21.644200545603184,172400
2025-08-13,23.25767707824707,23.43476629482283,22.40174836679981,22.628028198423646,179100
2025-08-14,22.864145278930664,23.021557490284625,22.667380952989006,23.001880494739986,152200
2025-08-15,23.0609130859375,23.178971314416597,22.60835153942974,23.021559092109996,296500
2025-08-18,23.20848846435547,23.257679083645016,22.91334099561451,23.110105349274537,152800
2025-08-19,22.795278549194336,23.523310523878592,22.657543328078887,23.16913209643698,148100
2025-08-20,22.44110107421875,23.01172085570365,22.382071959306998,22.923176245085156,228500
2025-08-21,22.254173278808594,22.34271600515851,21.75242115481738,22.293525393130608,179500
2025-08-22,23.690561294555664,23.89716600321108,22.441100173953906,22.441100173953906,329200
2025-08-25,23.415088653564453,24.477622047264823,23.38557503594882,23.592177865264787,286600
2025-08-26,23.051074981689453,23.66104688443356,22.893662756690862,23.33638393581125,169000
2025-08-27,22.53948402404785,23.06091318550331,22.327960997566034,22.824794851023967,168300
2025-08-28,22.598514556884766,22.65754555158583,22.16563185475463,22.549323937802377,120100
2025-08-29,23.031396865844727,23.031396865844727,22.509967723048202,22.726410929285304,127500
2025-09-02,23.178970336914062,23.454442652584262,22.657543076201197,23.016639810475674,213800
2025-09-03,23.464282989501953,23.54594084079827,22.834632200982252,23.080589041801975,279200
2025-09-04,23.483957290649414,23.63153100289616,23.177002918335305,23.41508780686614,211600
2025-09-05,23.454442977905273,24.079173538473206,23.2675152655184,23.592178199399992,209400
2025-09-08,24.18247413635254,24.19231263419807,23.33638208665255,23.55282528625111,318800
2025-09-09,24.054580688476562,24.241506543456435,23.55282848913206,24.221831421591396,569700
2025-09-10,23.65121078491211,23.791897753006804,21.644202057080182,21.654040555922705,825300
2025-09-11,24.60552215576172,24.841640493689848,22.70771836410566,22.903501297049527,611300
2025-09-12,26.54366111755371,27.665225558416328,24.821963276788342,25.018729494905074,913700
2025-09-15,26.66172218322754,27.242180483409566,26.05174838631528,27.242180483409566,675600
2025-09-16,27.24217987060547,27.547165823950138,26.720750699111495,26.91751691988327,441200
2025-09-17,26.11077880859375,27.13887658943267,25.835306474643005,27.05525216527901,550500
2025-09-18,26.71091079711914,26.784698595157426,25.687731381764966,26.189483529521,363600
2025-09-19,26.396087646484375,26.82897220461003,26.130453812418516,26.710912097302398,941100
2025-09-22,26.66172218322754,26.73550811030043,25.81759849236153,26.464955958029574,321300
2025-09-23,26.602693557739258,27.41336674258811,26.455117947863506,26.710913294745826,395800
2025-09-24,26.27802848815918,26.90767928903564,25.77627817436176,26.760105556948062,376600
2025-09-25,25.363069534301758,26.15996915533575,25.136787819661016,26.032070550125542,293800
2025-09-26,26.218997955322266,26.563337895940354,25.33355373409126,25.549995071036086,392300
2025-09-29,26.34689712524414,26.632206081144112,25.923851064235656,26.632206081144112,331300
2025-09-30,25.451614379882812,26.386249236838776,25.235171161839016,26.209160013530852,252200
2025-10-01,26.10093879699707,26.150129411118343,25.37290682429269,25.38274344591563,267100
2025-10-02,26.01239585876465,26.15996958709522,25.254848343098818,26.15996958709522,248500
2025-10-03,26.258352279663086,26.76010444919188,25.823499273503757,25.943527830508174,300600
2025-10-06,25.34339141845703,26.691233765705753,25.33355292029808,26.691233765705753,271800
2025-10-07,25.166303634643555,25.581479648635717,24.99905290944081,25.343392858564314,178700
2025-10-08,26.789615631103516,26.81913112421455,25.25484564285948,25.36306724109837,447900
2025-10-09,26.82897186279297,28.521154202631298,26.691234759938627,27.311047031528858,765600
2025-10-10,26.032068252563477,26.691232588118645,25.44177340108255,26.68139596689532,485600
2025-10-13,27.055252075195312,27.65046717048919,26.12061534381514,26.37641067952447,382700
2025-10-14,27.261852264404297,27.409427853471616,26.32820078730679,26.415762103326568,386500
2025-10-15,27.49797248840332,28.442445751127668,27.320883282517112,27.74392930180048,346000
2025-10-16,29.21967315673828,29.308217768695204,27.655387514168353,27.655387514168353,799200
2025-10-17,27.025733947753906,29.003226950248322,26.966704838030637,28.708079525130408,446600
2025-10-20,28.098108291625977,28.10794679020151,27.084767332868672,27.153634946395666,272300
2025-10-21,26.681398391723633,27.842313081242192,26.159969223925877,27.842313081242192,362300
2025-10-22,26.54366111755371,26.715832027531285,26.012395331041294,26.29770428315866,230400
2025-10-23,26.88800048828125,27.10936200982205,26.573176047201756,26.93719110351179,160600
2025-10-24,27.57668113708496,27.59635625783022,26.779779637097146,26.907678242700904,181200
2025-10-27,27.320884704589844,28.221085712698784,27.084766376618617,27.891504466312387,328300
2025-10-28,27.07493019104004,27.861991351505576,27.055253192902946,27.114282310812406,205300
2025-10-29,26.681398391723633,27.389753403777597,26.445278177870573,27.271693296851065,230600
2025-10-30,26.37641143798828,26.656802090164724,26.12061609492346,26.45511755304655,177900
2025-10-31,26.150129318237305,26.405924639063,25.864820379644332,26.346895527026803,112800
2025-11-03,25.923851013183594,26.45511680569327,25.69265098576176,26.041909244184968,173100
2025-11-04,24.330047607421875,25.579508673770263,24.172635396472646,25.579508673770263,315800
2025-11-05,24.43827247619629,24.743258441157565,23.729917432140535,24.56616921101817,507700
2025-11-06,24.585845947265625,24.880995286521397,23.720078680419324,24.694067559309588,412600
2025-11-07,24.88099479675293,26.43544194809581,22.628029245106283,23.90700406053332,565200
2025-11-10,26.671558380126953,27.035573425872876,25.48112638577834,25.628700103688892,353700
2025-11-11,25.5893497467041,26.474793991525683,24.991182909600134,26.474793991525683,288400
2025-11-12,25.86482048034668,26.07142331152857,25.50572186643248,25.66805427079109,260100
2025-11-13,25.018728256225586,26.159967761195624,24.871154538195288,25.746760224809808,492400
2025-11-14,24.83180046081543,24.989212676375146,24.103768494726342,24.44810841995133,486500
2025-11-17,24.96953773498535,25.53032091012661,24.497301049447035,24.82196400531735,384400
2025-11-18,25.205657958984375,25.304039194446975,24.37924282088641,24.684228779124393,320100
2025-11-19,25.50312614440918,26.078235460619112,24.828861549511718,25.493210238287283,616500
2025-11-20,25.64194679260254,27.079719129294258,25.59236726227584,25.74110207072454,541200
2025-11-21,26.217056274414062,26.871490948816565,25.26812505089758,25.58245152100428,307100
2025-11-24,25.8204288482666,26.256717359589196,25.61219860722411,26.217055627316988,242900
2025-11-25,26.34596061706543,26.375708336972306,25.810514897602282,26.04849098305988,181700
2025-11-26,27.040058135986328,27.1392153080865,26.276550369460487,26.34595982255088,195600
2025-11-28,28.467914581298828,28.50757820661124,26.990478581195042,27.2086247378818,258800
2025-12-01,29.00336265563965,29.22150692467254,28.259686690110428,28.38858969197855,383200
2025-12-02,29.528894424438477,29.945353041805184,28.586904109288653,29.875941696189244,223900
2025-12-03,31.115400314331055,32.22595721035242,29.528893164680117,29.895772233812256,361400
2025-12-04,30.500629425048828,30.7881831381917,30.046491136441535,30.73860549873229,277700
2025-12-05,30.629533767700195,31.318673199288963,30.48575785044675,30.609703845804898,303300
2025-12-08,30.074254989624023,31.16696212822564,29.67762819919567,30.837762743239683,403900
2025-12-09,30.817930221557617,31.204641096916024,29.895771772996177,30.14366374771632,398500
2025-12-10,31.105485916137695,31.343461985652354,30.302314553851826,30.758436772204185,498200
2025-12-11,31.115400314331055,31.750005065457138,30.510545172751275,30.510545172751275,523800
2025-12-12,31.452533721923828,32.16646194302281,30.768353219261947,31.73017342020629,963200
2025-12-15,31.482282638549805,32.22595860638957,30.391557507465002,32.126803323690226,887300
2025-12-16,31.888824462890625,32.354862600187204,31.174896234473337,31.48228176307812,818900
2025-12-17,32.42427062988281,32.48376228222494,31.036074076419922,32.285451731042784,786700
2025-12-18,32.354862213134766,33.37617595793914,32.26760299570827,32.72174128356902,864900
2025-12-19,32.88039016723633,34.12976400959803,32.30528277393688,32.374692221705246,1277500
2025-12-22,33.445587158203125,33.85212987440746,32.920057344764544,33.04896223991176,1109800
2025-12-23,33.455501556396484,34.417319816975905,33.415837933838446,33.415837933838446,1242000
2025-12-24,34.49665069580078,34.86352978677981,33.118371818243254,33.56457438016267,632900
2025-12-26,34.298336029052734,35.40889108972075,33.475332803245784,35.20066272507017,519400
2025-12-29,33.13819885253906,33.765864568292805,32.483764161201734,33.46541808947349,543700
2025-12-30,33.167945861816406,33.60423436098219,32.860558461759986,33.48524727621538,478900
2025-12-31,33.76288604736328,34.07027345633446,33.26710210016989,33.85212730915934,401800
